Date,Product_Category,Sales,Price,Promotion,Store_Location,Weekday,Supplier_Cost,Replenishment_Lead_Time,Stock_Level
01-01-2022,Household,1583,5.190661373524142,0,Urban,5,9.299280855332018,9,207
02-01-2022,Personal Care,1103,8.949595984685402,0,Urban,6,13.274108581775032,5,253
03-01-2022,Dairy,455,4.867987326502611,0,Rural,0,13.302264839521472,9,245
04-01-2022,Personal Care,1107,16.968595719261735,1,Urban,1,10.056158446917369,5,265
05-01-2022,Personal Care,1447,4.309673394986819,1,Rural,2,3.5628615563574995,8,334
06-01-2022,Snacks,1256,19.25483047825256,1,Urban,3,13.013454054703645,1,245
07-01-2022,Dairy,987,8.902239956791874,0,Suburban,4,13.348354812041519,7,356
08-01-2022,Dairy,1928,17.07866054836194,0,Rural,5,3.351476981817901,4,201
09-01-2022,Dairy,1963,12.946531545912958,1,Rural,6,11.19267824367482,5,63
10-01-2022,Personal Care,226,14.97165567,1,Urban,0,4.654533459443282,6,374
11-01-2022,Household,1229,15.586753873268826,0,Rural,1,12.13828452911748,5,195
12-01-2022,Dairy,1108,10.592052755967337,0,Rural,2,14.95994954860224,1,475
13-01-2022,Personal Care,703,11.32270994390248,0,Suburban,3,0.9353770772761958,9,106
14-01-2022,Snacks,1922,10.765921488365775,0,Suburban,4,13.511805053968512,2,260
15-01-2022,Household,1501,12.173109183711505,1,Urban,5,9.528142737180541,9,317
16-01-2022,Snacks,1113,1.5584944693736387,0,Suburban,6,14.614047977889907,2,259
17-01-2022,Household,150,8.514788227131291,0,Urban,0,7.242638004,9,66
18-01-2022,Personal Care,1152,12.51758555766226,0,Urban,1,12.78712499328492,6,335
19-01-2022,Beverages,1585,12.356747739861422,1,Urban,2,1.4047139946750198,9,393
20-01-2022,Household,1419,16.066165797506997,1,Rural,3,5.361546226135288,6,252
21-01-2022,Snacks,1420,13.445177437810063,0,Suburban,4,1.4717397973925446,6,148
22-01-2022,Personal Care,1849,19.850533010472773,0,Urban,5,14.642475435446523,2,328
23-01-2022,Household,878,6.393236043564255,0,Suburban,6,12.346121655441632,8,258
24-01-2022,Beverages,1530,7.823869563658398,1,Urban,0,12.861937608066572,3,178
25-01-2022,Beverages,1892,8.293095885488128,1,Suburban,1,14.100495855791467,7,384
26-01-2022,Dairy,913,9.850443333384721,1,Suburban,2,1.7340005487368877,5,337
27-01-2022,Dairy,1736,16.883963211842982,0,Urban,3,6.091165091443334,3,301
28-01-2022,Snacks,1528,5.480049785224987,1,Rural,4,1.5300058911380308,1,314
29-01-2022,Household,1469,15.74400393367316,0,Suburban,5,3.556499972475415,8,320
30-01-2022,Household,1745,8.700893478629125,0,Rural,6,3.8258037670462492,3,461
31-01-2022,Dairy,519,12.435252289578163,0,Rural,0,7.302054560189891,2,457
01-02-2022,Household,1305,13.018270131299817,1,Urban,1,4.394151428077818,1,237
02-02-2022,Household,1082,8.084124106589755,0,Urban,2,1.964182548857536,4,468
03-02-2022,Beverages,924,10.739688898910298,1,Urban,3,2.928620791864562,8,263
04-02-2022,Dairy,1124,8.847592318306244,1,Suburban,4,2.6354956715053186,3,332
05-02-2022,Personal Care,1954,2.3135229375457693,0,Urban,5,14.609613569728324,1,260
06-02-2022,Dairy,666,9.306142387519705,0,Urban,6,11.509741350317867,4,414
07-02-2022,Personal Care,470,2.8504744585174913,1,Suburban,0,14.532541246408648,9,125
08-02-2022,Beverages,1035,8.695395183,0,Suburban,1,6.876237054364673,1,197
09-02-2022,Snacks,760,12.265449596803855,1,Urban,2,4.536342984,2,370
10-02-2022,Household,1554,12.008883087526515,0,Urban,3,12.075251359533206,9,262
11-02-2022,Beverages,1068,13.589804301158086,1,Urban,4,5.230681811596629,2,482
12-02-2022,Household,1432,2.8099686511378996,1,Urban,5,4.841058919,3,158
13-02-2022,Snacks,1260,13.390341665078319,1,Rural,6,3.8713368870135523,7,178
14-02-2022,Snacks,301,6.930813077232495,1,Rural,0,2.3803451842514125,3,59
15-02-2022,Beverages,1559,8.581872977,0,Urban,1,4.218714384743107,9,96
16-02-2022,Snacks,412,17.30173882453141,0,Rural,2,5.652136352871372,6,428
17-02-2022,Personal Care,216,1.1715776784614547,1,Suburban,3,10.27291601811309,3,364
18-02-2022,Snacks,1789,12.179840033471503,1,Rural,4,1.4071902121820479,9,145
19-02-2022,Household,1036,12.375565621902044,0,Rural,5,3.552350625147473,1,495
20-02-2022,Household,1926,8.536535750527678,0,Urban,6,12.230842784229308,3,152
21-02-2022,Household,674,5.503529285058388,0,Rural,0,2.630367891964676,1,429
22-02-2022,Household,343,5.4588067269694704,0,Rural,1,5.468354624576563,2,391
23-02-2022,Personal Care,636,17.79048372,0,Rural,2,13.03755436694303,8,195
24-02-2022,Dairy,1725,9.398463101874293,0,Rural,3,2.7464170115799185,7,417
25-02-2022,Beverages,174,7.286897896794267,1,Suburban,4,1.6996841164637535,2,479
26-02-2022,Household,1929,9.526773902796657,0,Urban,5,7.525800928660157,2,465
27-02-2022,Snacks,485,13.718417627727865,0,Urban,6,4.885082913538778,9,76
28-02-2022,Household,1333,3.769374796650282,1,Suburban,0,8.669421285015884,6,269
01-03-2022,Snacks,574,9.539242869061017,0,Rural,1,12.155170912010389,5,67
02-03-2022,Snacks,517,12.169803051097352,0,Suburban,2,2.4886530782147758,6,216
03-03-2022,Household,446,19.023083742177242,0,Rural,3,8.920136726037132,9,482
04-03-2022,Personal Care,1652,5.798027859432966,0,Suburban,4,7.829877025653027,7,131
05-03-2022,Snacks,739,7.825764210408666,0,Urban,5,2.589142397191394,9,477
06-03-2022,Snacks,1038,8.207813208526051,1,Urban,6,9.547978040170245,4,121
07-03-2022,Household,1054,12.505224995252775,0,Urban,0,4.467786058981189,2,359
08-03-2022,Snacks,975,7.777909007760032,1,Rural,1,7.573597618888181,8,303
09-03-2022,Snacks,862,11.136726580694216,1,Rural,2,1.6929487020173972,4,211
10-03-2022,Household,1302,15.854016267055558,0,Suburban,3,7.163968829597534,9,376
11-03-2022,Household,1305,14.402326288131867,1,Suburban,4,4.943720286620895,4,469
12-03-2022,Beverages,763,9.481004283739125,0,Urban,5,12.424527562187638,8,451
13-03-2022,Personal Care,124,17.42010737580921,1,Rural,6,1.326191541,9,87
14-03-2022,Personal Care,1303,11.604664742283395,1,Suburban,0,6.569805486315784,9,492
15-03-2022,Snacks,809,11.258210950542038,0,Rural,1,7.147255649905851,4,442
16-03-2022,Personal Care,1624,1.6495675528440055,0,Rural,2,11.01258810633722,1,250
17-03-2022,Snacks,1979,19.74716662678607,0,Urban,3,8.827169838808059,3,249
18-03-2022,Beverages,1284,3.3364453620629075,0,Urban,4,10.174578889315626,9,304
19-03-2022,Household,276,5.3914873361252855,0,Rural,5,11.767214641950464,4,228
20-03-2022,Household,384,1.9822399075890123,1,Rural,6,13.001943118043737,5,84
21-03-2022,Household,162,13.16005636990136,1,Rural,0,5.051194702475822,7,131
22-03-2022,Personal Care,1102,5.269322362,1,Rural,1,8.301329227776593,5,438
23-03-2022,Beverages,761,4.420198311981746,1,Urban,2,12.681567137368399,4,447
24-03-2022,Personal Care,765,2.6825561002415865,1,Suburban,3,14.84704139899332,2,269
25-03-2022,Personal Care,255,2.9628701853562975,1,Urban,4,13.398030010134566,2,207
26-03-2022,Beverages,1592,12.108743308409187,1,Suburban,5,5.886275308053463,4,53
27-03-2022,Beverages,1172,14.075949451465313,0,Rural,6,3.329914499670431,9,216
28-03-2022,Beverages,1066,8.550200781,0,Suburban,0,7.596191792395537,8,497
29-03-2022,Beverages,948,10.118044550249392,1,Urban,1,11.253801051622613,3,458
30-03-2022,Household,1207,14.033386983676698,1,Urban,2,7.642251525922815,9,461
31-03-2022,Dairy,1484,1.330216013524113,0,Rural,3,7.506122518048193,5,253
01-04-2022,Dairy,788,7.139482484335293,0,Urban,4,12.654341105686107,3,243
02-04-2022,Beverages,247,19.488857213336583,0,Rural,5,5.740354796474202,5,284
03-04-2022,Dairy,1753,12.022132364213894,0,Urban,6,12.967022784768861,4,255
04-04-2022,Dairy,441,5.830267018052372,1,Urban,0,6.398669613799991,8,199
05-04-2022,Beverages,575,10.912870886088049,0,Rural,1,5.259380032335922,5,208
06-04-2022,Dairy,1186,7.510416274297391,1,Suburban,2,7.082853712395636,8,328
07-04-2022,Personal Care,1824,11.112654787699682,1,Urban,3,11.555480900785593,9,353
08-04-2022,Snacks,1483,3.389088724326328,1,Suburban,4,2.3270294040279174,4,453
09-04-2022,Snacks,660,3.5215784225662703,0,Urban,5,3.348078630144252,7,430
10-04-2022,Beverages,426,3.7273048787484644,0,Urban,6,14.295949972114833,2,215
11-04-2022,Household,1892,18.856576046609995,1,Urban,0,3.044628597029682,6,360
12-04-2022,Beverages,1859,14.925079448485494,1,Urban,1,8.732046110000292,8,117
13-04-2022,Household,1264,4.085255998584097,1,Suburban,2,8.900059767,7,137
14-04-2022,Snacks,1089,4.578632591546428,0,Suburban,3,7.599554699728549,7,266
15-04-2022,Beverages,314,14.88576002254665,1,Urban,4,9.848806104,8,50
16-04-2022,Personal Care,534,3.967113051051305,0,Urban,5,3.832487524065467,7,184
17-04-2022,Dairy,1051,5.456664573361745,1,Suburban,6,8.513602882762848,5,234
18-04-2022,Household,822,19.303589823587583,1,Rural,0,5.896512201080009,7,400
19-04-2022,Dairy,1441,5.850823969840205,1,Rural,1,10.09417526462324,3,189
20-04-2022,Dairy,131,13.571014657051789,0,Suburban,2,2.547741378910667,5,155
21-04-2022,Beverages,769,19.593994460610077,0,Urban,3,8.777722544172406,7,182
22-04-2022,Dairy,384,8.111638576,1,Urban,4,3.1864201530581937,9,157
23-04-2022,Personal Care,1428,1.3328038263791826,0,Rural,5,4.540324415168028,2,227
24-04-2022,Dairy,528,5.638798518025111,1,Rural,6,3.6712921046919567,4,347
25-04-2022,Beverages,1600,16.786666635492402,0,Suburban,0,3.151147808097848,7,407
26-04-2022,Personal Care,385,17.42756788,0,Rural,1,12.472808797629671,1,429
27-04-2022,Snacks,1267,15.601867925952034,0,Suburban,2,4.642759731,2,445
28-04-2022,Dairy,1547,3.1490865624548876,1,Rural,3,13.943294837034514,9,408
29-04-2022,Beverages,1142,16.11469706223166,0,Rural,4,14.563934617505268,7,195
30-04-2022,Snacks,117,18.45487814287658,0,Rural,5,8.783276814,7,499
01-05-2022,Snacks,868,12.411581308378485,1,Urban,6,2.573516278653033,6,123
02-05-2022,Household,689,18.87663177042323,1,Urban,0,5.930949529003929,3,157
03-05-2022,Personal Care,1494,16.70993879052567,1,Urban,1,12.067117818549104,3,171
04-05-2022,Dairy,1298,13.672458822827238,1,Rural,2,5.827165566107522,2,66
05-05-2022,Beverages,1109,11.966519497523215,0,Suburban,3,1.7617496653904368,6,245
06-05-2022,Household,293,7.622899677597439,0,Suburban,4,8.573381208458725,4,376
07-05-2022,Personal Care,601,4.026461459613298,0,Suburban,5,12.754252346692505,5,367
08-05-2022,Household,1087,12.494124531120276,0,Suburban,6,12.040932613580784,3,346
09-05-2022,Personal Care,1236,7.044119519,0,Urban,0,3.0392855318901217,6,301
10-05-2022,Personal Care,213,17.46233468302526,1,Urban,1,10.255086908980767,3,168
11-05-2022,Dairy,1345,19.87340180981394,0,Rural,2,3.697311819816883,8,211
12-05-2022,Personal Care,1801,15.296127489695879,0,Rural,3,3.6640092510064974,9,247
13-05-2022,Household,1046,2.7191522104539643,0,Suburban,4,13.174040712925185,4,94
14-05-2022,Personal Care,930,6.485026315082124,1,Urban,5,4.120199814733337,9,363
15-05-2022,Dairy,1767,3.073083003549245,1,Suburban,6,4.317086524511162,7,228
16-05-2022,Dairy,1387,13.35972131,0,Rural,0,0.5094741660388435,3,431
17-05-2022,Household,1024,15.538626426559908,1,Rural,1,13.124700994820007,7,467
18-05-2022,Snacks,154,18.587821786733524,1,Suburban,2,11.992624791532453,1,93
19-05-2022,Snacks,1994,9.325274581827765,1,Rural,3,9.596269559,3,320
20-05-2022,Personal Care,1766,18.126137342180442,1,Suburban,4,11.378853577113214,6,127
21-05-2022,Beverages,899,17.679932021785223,1,Urban,5,2.704704227655131,4,375
22-05-2022,Personal Care,877,7.026718618542573,1,Suburban,6,7.1456921215198435,7,227
23-05-2022,Household,1581,17.509111885270848,1,Urban,0,5.592681116557323,3,406
24-05-2022,Household,261,8.137772785752803,0,Urban,1,1.8597596307267392,1,465
25-05-2022,Household,1503,6.640516216645334,0,Rural,2,7.548892035616399,9,52
26-05-2022,Household,186,13.332418517093469,1,Rural,3,13.850724929968212,6,263
27-05-2022,Household,154,7.23924333,0,Rural,4,1.080857226,8,391
28-05-2022,Dairy,1599,12.97396621825374,0,Suburban,5,4.726183245660011,3,123
29-05-2022,Snacks,1923,12.586804304475196,1,Suburban,6,3.509343575,8,100
30-05-2022,Household,1301,11.705339619620718,0,Rural,0,3.9531264781525968,2,116
31-05-2022,Beverages,1514,8.227974380423156,1,Suburban,1,13.672301002250942,4,381
01-06-2022,Beverages,1472,11.421494711378058,1,Rural,2,7.2870012863972065,3,142
02-06-2022,Beverages,1131,12.33322402472301,1,Suburban,3,7.261341487627373,1,225
03-06-2022,Beverages,932,11.368050881413994,0,Urban,4,11.528346815601594,7,194
04-06-2022,Dairy,412,9.443969602,0,Urban,5,2.740136958071424,2,56
05-06-2022,Beverages,858,1.2786740838790123,0,Rural,6,7.565347634450736,4,318
06-06-2022,Household,1958,12.154172446321867,0,Suburban,0,6.734785604755366,9,425
07-06-2022,Personal Care,542,4.200443317711674,1,Suburban,1,9.155205012926514,6,371
08-06-2022,Beverages,1890,13.208943409996602,1,Urban,2,14.99358669713136,8,53
09-06-2022,Dairy,427,15.427542230534455,0,Urban,3,11.657008964189682,2,187
10-06-2022,Dairy,1177,10.508460873484088,1,Rural,4,6.269052693752694,7,280
11-06-2022,Beverages,860,11.304909634615028,1,Urban,5,12.499519257973681,6,137
12-06-2022,Personal Care,1362,19.07809263365383,0,Rural,6,2.9752712680309625,9,66
13-06-2022,Beverages,1352,17.09617986607891,1,Urban,0,0.9417234514799218,7,101
14-06-2022,Dairy,678,18.370493803077927,0,Urban,1,3.4645014007319594,1,183
15-06-2022,Snacks,1174,16.46155947807214,1,Suburban,2,5.4359675636567655,8,260
16-06-2022,Household,1732,3.0694484950878973,0,Urban,3,7.903420983163619,3,374
17-06-2022,Dairy,1727,3.8308452634336994,1,Urban,4,9.419372537847398,2,442
18-06-2022,Beverages,1106,11.005852148110232,1,Rural,5,13.703782899609115,3,268
19-06-2022,Household,1387,5.675323517161967,0,Urban,6,7.892883138481636,6,254
20-06-2022,Beverages,1541,10.057214025782024,0,Rural,0,7.7684968470730755,3,260
21-06-2022,Beverages,1926,8.492941152548653,0,Urban,1,1.2285236424332409,5,326
22-06-2022,Snacks,195,11.438870530178614,0,Urban,2,1.0062175135152454,6,73
23-06-2022,Household,1211,15.190638606580631,1,Rural,3,8.491819447787396,8,53
24-06-2022,Household,1201,14.594327234886213,1,Suburban,4,6.853589892100995,7,201
25-06-2022,Snacks,1411,10.903448517221353,0,Rural,5,12.66811572721433,8,492
26-06-2022,Dairy,1243,16.625474957524105,1,Rural,6,2.829853978321755,3,308
27-06-2022,Beverages,913,9.186379739222634,0,Rural,0,0.8620891006972191,4,373
28-06-2022,Personal Care,590,18.037571506962326,0,Suburban,1,7.011062134986825,6,406
29-06-2022,Beverages,551,2.3543251310481144,1,Urban,2,3.9434390729077338,7,217
30-06-2022,Beverages,1623,19.13854057063284,1,Rural,3,1.2194084134131429,9,225
01-07-2022,Dairy,264,13.439168547195615,0,Rural,4,11.00667515929062,1,359
02-07-2022,Beverages,281,8.22141567,0,Suburban,5,2.118098499380088,8,340
03-07-2022,Snacks,568,4.745928404884669,0,Rural,6,9.32063275,8,105
04-07-2022,Snacks,1009,10.104481359428398,1,Urban,0,4.575221377419893,6,157
05-07-2022,Household,834,4.696608140520718,1,Suburban,1,3.015692730147819,4,345
06-07-2022,Personal Care,922,4.160300547119701,1,Urban,2,6.006397082330103,3,373
07-07-2022,Beverages,1043,12.72968339084651,1,Urban,3,12.120963755232829,3,351
08-07-2022,Beverages,106,10.938609767053908,0,Suburban,4,6.1853568651163044,6,383
09-07-2022,Dairy,429,13.731824657607891,0,Rural,5,11.386159913560308,8,190
10-07-2022,Snacks,874,18.662511671017796,0,Urban,6,2.319551303587685,7,204
11-07-2022,Personal Care,1796,11.112944053441764,0,Urban,0,11.705185585143647,1,311
12-07-2022,Household,250,12.037709011993156,0,Urban,1,3.935533211146405,6,322
13-07-2022,Snacks,1208,2.702900444,0,Urban,2,10.322200383388655,7,469
14-07-2022,Household,246,14.635079932263961,1,Suburban,3,8.703832545194446,7,281
15-07-2022,Dairy,1747,8.598198929278968,1,Suburban,4,13.972598399569467,9,290
16-07-2022,Dairy,1504,19.55777953,0,Urban,5,6.116176510642053,5,404
17-07-2022,Beverages,1014,16.640306296317547,0,Rural,6,1.4593952380993864,1,386
18-07-2022,Personal Care,1671,10.927139769806248,1,Urban,0,0.7777545404931672,2,307
19-07-2022,Household,1408,3.341230429271155,1,Rural,1,12.48944913410492,4,298
20-07-2022,Snacks,799,17.328900072331194,1,Urban,2,8.108666746090766,5,126
21-07-2022,Dairy,181,16.195840813056414,1,Rural,3,11.741038751606764,9,229
22-07-2022,Beverages,613,4.507117461203627,0,Urban,4,3.899171200166963,1,115
23-07-2022,Beverages,914,6.610287495185892,0,Rural,5,5.5037143099418895,3,357
24-07-2022,Household,808,16.07473790480891,0,Urban,6,0.9365061470641246,5,397
25-07-2022,Dairy,1646,4.519340484400784,0,Urban,0,14.441638706324627,3,220
26-07-2022,Personal Care,845,18.43729729425617,0,Rural,1,10.184084647161795,4,71
27-07-2022,Dairy,1122,9.066021078730875,1,Suburban,2,14.03147377250994,3,416
28-07-2022,Household,1509,2.653740289165514,0,Rural,3,4.3496979077215485,4,156
29-07-2022,Household,806,16.499224226581337,1,Suburban,4,9.366222362772081,1,488
30-07-2022,Dairy,570,8.096683977729365,0,Urban,5,10.338249540243249,8,372
31-07-2022,Household,1242,11.003484688921839,0,Rural,6,5.104470653735032,4,276
01-08-2022,Dairy,495,3.1337825438131643,0,Rural,0,12.797583907726636,7,493
02-08-2022,Snacks,1655,1.0490962820546654,0,Rural,1,14.233841212053594,2,491
03-08-2022,Dairy,360,13.121718910072655,0,Suburban,2,13.330399206592062,2,445
04-08-2022,Dairy,904,10.78832824,1,Suburban,3,11.216471151120901,6,265
05-08-2022,Household,1033,12.277232813339797,1,Urban,4,4.523237856011834,2,118
06-08-2022,Household,1379,16.08113315722981,1,Suburban,5,4.583432611,6,133
07-08-2022,Beverages,1857,13.285512355034342,0,Suburban,6,14.46872464646755,2,152
08-08-2022,Beverages,1004,4.320695413720166,0,Urban,0,0.6491251910675344,4,88
09-08-2022,Snacks,1349,7.854677863101396,1,Rural,1,10.882724612011096,7,62
10-08-2022,Beverages,1176,18.211930990967446,0,Rural,2,10.740569357051301,8,346
11-08-2022,Dairy,1039,15.6289493,0,Urban,3,9.528998343772063,3,362
12-08-2022,Household,1990,11.576104100797627,1,Rural,4,14.856578268259554,9,230
13-08-2022,Beverages,1623,5.857254958376174,0,Suburban,5,5.0222518185740155,2,317
14-08-2022,Beverages,1629,6.739149534861106,1,Urban,6,5.429592025002099,8,62
15-08-2022,Snacks,953,14.907203284127057,0,Urban,0,1.6446213427250553,8,169
16-08-2022,Snacks,1487,17.172310956202644,1,Urban,1,6.920572979884193,4,402
17-08-2022,Dairy,1403,13.757068721081675,0,Rural,2,4.285203630405297,1,106
18-08-2022,Household,692,16.381069539600393,0,Urban,3,5.479107181575841,1,89
19-08-2022,Snacks,813,15.566466568807714,1,Urban,4,12.60129096,2,423
20-08-2022,Beverages,1281,3.8443753911821967,0,Urban,5,14.064525446148687,9,385
21-08-2022,Household,731,9.054951445352739,0,Rural,6,3.1931295440751915,2,177
22-08-2022,Household,158,3.906692215742691,1,Suburban,0,5.901379507525255,2,222
23-08-2022,Beverages,1850,5.469476111237712,0,Urban,1,13.965143150673214,6,84
24-08-2022,Snacks,227,17.515932868369998,1,Suburban,2,1.3962226799937283,7,308
25-08-2022,Beverages,835,9.984947347030461,0,Rural,3,1.8392276576149884,7,425
26-08-2022,Household,820,11.171803935010557,0,Rural,4,2.8604693434903257,9,54
27-08-2022,Personal Care,1238,4.390473339,0,Rural,5,9.130586094839684,6,267
28-08-2022,Personal Care,1332,6.933163934927125,0,Rural,6,2.6818479295869633,8,60
29-08-2022,Dairy,625,5.374677200129529,1,Suburban,0,14.537107531035636,6,431
30-08-2022,Beverages,620,4.917537125850102,0,Urban,1,6.977360645248545,2,376
31-08-2022,Beverages,651,13.121255073003432,1,Rural,2,7.772010425077412,1,166
01-09-2022,Dairy,336,5.880793105268581,0,Rural,3,4.076549929178395,5,233
02-09-2022,Dairy,1404,13.00829423438795,0,Suburban,4,7.328923660303635,9,443
03-09-2022,Dairy,1482,2.110637668062524,0,Suburban,5,10.097747673236666,8,411
04-09-2022,Household,1324,3.6937134770149354,0,Rural,6,11.39206848583362,4,165
05-09-2022,Beverages,1881,6.216264826002382,1,Urban,0,11.431087199293739,5,211
06-09-2022,Household,1401,12.343891421018142,1,Urban,1,8.879421134,5,116
07-09-2022,Dairy,1358,13.840983656660143,1,Rural,2,13.61321673741093,6,249
08-09-2022,Beverages,593,9.411622368811015,1,Suburban,3,12.352413785938586,3,80
09-09-2022,Household,103,9.470027377,0,Rural,4,11.477197663130069,5,124
10-09-2022,Household,765,14.765820176573744,1,Rural,5,1.306280064366679,2,286
11-09-2022,Dairy,541,1.3006007435460663,1,Suburban,6,0.599730452,1,376
12-09-2022,Beverages,128,7.4807104650101905,0,Rural,0,3.580485519334358,1,115
13-09-2022,Dairy,1232,16.55543408526542,0,Rural,1,10.121092111745059,7,119
14-09-2022,Beverages,709,12.461168794054073,0,Rural,2,6.462363588796914,2,346
15-09-2022,Personal Care,1850,7.407315522352987,0,Suburban,3,6.33489076,4,496
16-09-2022,Snacks,904,18.204971054263805,1,Urban,4,13.326509879329398,5,465
17-09-2022,Snacks,174,15.679831821538269,1,Urban,5,13.485661297911662,7,69
18-09-2022,Snacks,937,6.033013497497935,0,Suburban,6,13.683041328776993,2,490
19-09-2022,Dairy,1269,13.260506912988621,0,Urban,0,5.051232109467896,6,275
20-09-2022,Personal Care,227,12.319263835590178,0,Rural,1,10.520309284719296,1,483
21-09-2022,Beverages,1976,8.622570366740671,1,Urban,2,4.438681128478359,7,458
22-09-2022,Household,141,7.972165504891213,1,Rural,3,3.263842579579522,9,445
23-09-2022,Beverages,1479,7.527649020738375,0,Urban,4,3.1771706315368538,5,248
24-09-2022,Household,140,12.72595988451729,0,Suburban,5,5.460560502522114,5,88
25-09-2022,Beverages,1033,9.405788793132722,1,Urban,6,6.734385486807415,4,194
26-09-2022,Personal Care,133,16.805399151777017,0,Urban,0,12.548762980298491,3,94
27-09-2022,Household,1140,13.722449706545277,0,Urban,1,2.2384208553543257,9,444
28-09-2022,Dairy,1800,2.3287005084792485,1,Suburban,2,11.156424787225966,5,375
29-09-2022,Beverages,1276,13.163196252735155,0,Urban,3,8.206096255744928,8,430
30-09-2022,Beverages,1097,6.151801293503511,1,Suburban,4,4.675207468801891,9,456
01-10-2022,Household,1501,12.26342784141503,0,Rural,5,7.6458839757259565,5,140
02-10-2022,Dairy,687,13.922506690965577,0,Urban,6,4.849160011766829,9,287
03-10-2022,Dairy,1722,5.3857545939262295,1,Suburban,0,9.143188350955437,2,119
04-10-2022,Personal Care,1752,9.680314252727005,1,Suburban,1,6.790736881401041,9,215
05-10-2022,Dairy,1997,4.616172393562288,0,Urban,2,2.8838801716437414,4,179
06-10-2022,Dairy,441,1.9944386399436578,1,Rural,3,2.1904545810576024,6,263
07-10-2022,Dairy,126,8.191052046231512,0,Suburban,4,8.427087390045887,6,389
08-10-2022,Snacks,1948,7.895941165073848,0,Urban,5,13.58498898,6,138
09-10-2022,Personal Care,1410,19.914129323380884,1,Rural,6,5.487386455,2,384
10-10-2022,Beverages,745,9.480694673,0,Suburban,0,11.128501554728036,7,301
11-10-2022,Household,830,7.337821439971808,0,Suburban,1,10.050589646626621,6,418
12-10-2022,Beverages,267,12.029025127616817,1,Rural,2,14.007546257487475,1,398
13-10-2022,Personal Care,709,2.6865804880476007,1,Rural,3,12.404224750837543,2,121
14-10-2022,Household,367,19.27164898314145,0,Urban,4,8.715776254129214,7,214
15-10-2022,Personal Care,1872,13.06424086622963,1,Urban,5,10.026942224394556,1,98
16-10-2022,Dairy,920,15.341918578876108,1,Suburban,6,13.526603765468506,1,101
17-10-2022,Household,554,4.239080825304433,1,Rural,0,6.293022376510555,1,338
18-10-2022,Dairy,1005,8.780079207098874,1,Rural,1,5.238523234937772,8,327
19-10-2022,Beverages,1808,9.031093154527602,0,Rural,2,0.656760713,4,163
20-10-2022,Beverages,1524,16.614322434120652,0,Suburban,3,12.484990575776232,4,288
21-10-2022,Household,1021,1.0234969154287794,0,Rural,4,12.114220155848791,2,182
22-10-2022,Household,1080,6.716209058711846,1,Rural,5,2.014590512452195,1,323
23-10-2022,Personal Care,1599,19.643491112541774,1,Suburban,6,8.864432026424154,9,215
24-10-2022,Personal Care,801,10.022844326618154,1,Urban,0,7.227734623419867,7,423
25-10-2022,Dairy,733,8.267999324636158,1,Urban,1,2.2212818848821163,4,422
26-10-2022,Household,1681,3.2767510383352807,1,Suburban,2,14.718239292380492,6,342
27-10-2022,Beverages,1699,19.509127943932295,1,Rural,3,3.613090368218654,2,292
28-10-2022,Personal Care,229,1.380500762590665,1,Suburban,4,1.4748956113131366,7,369
29-10-2022,Personal Care,1119,15.006424275137618,0,Urban,5,9.125287003,2,187
30-10-2022,Beverages,1945,15.60339629098166,0,Urban,6,11.213566818428975,8,128
31-10-2022,Personal Care,1486,5.629477605213466,1,Suburban,0,0.970429968,8,219
01-11-2022,Dairy,1828,13.759610428647708,1,Suburban,1,10.05140576154182,1,172
02-11-2022,Household,918,2.7656537432084085,1,Urban,2,8.218232201,8,225
03-11-2022,Beverages,792,5.883898062209518,0,Suburban,3,1.9973426286882021,2,349
04-11-2022,Household,1415,15.970137777553035,0,Urban,4,3.001596216,6,131
05-11-2022,Personal Care,1494,17.429037648637266,1,Suburban,5,8.735627311083167,1,136
06-11-2022,Personal Care,893,12.561241840536034,1,Suburban,6,4.797185395942681,5,274
07-11-2022,Beverages,128,10.629930204589169,0,Suburban,0,14.105578065444083,7,65
08-11-2022,Dairy,248,4.026776391760626,0,Urban,1,12.371733327518736,1,359
09-11-2022,Snacks,1902,2.1990716285038534,0,Suburban,2,14.761724494448114,2,407
10-11-2022,Beverages,1419,3.2353315409976138,0,Urban,3,4.2652271647810025,7,212
11-11-2022,Snacks,110,5.3197887018258765,1,Urban,4,14.560992675570667,6,147
12-11-2022,Snacks,1635,7.4918155360414955,0,Suburban,5,6.752891111977589,3,205
13-11-2022,Dairy,775,8.237280984708757,0,Suburban,6,5.539022532049442,2,51
14-11-2022,Snacks,1236,7.580113603191068,1,Urban,0,1.230068141055622,4,399
15-11-2022,Snacks,286,5.542051311748047,0,Urban,1,1.265096238964238,3,446
16-11-2022,Dairy,906,10.684760688282264,0,Rural,2,10.534163211226494,7,218
17-11-2022,Snacks,843,16.680436056425037,0,Urban,3,7.139970419293404,8,364
18-11-2022,Snacks,1350,6.314367230958105,1,Rural,4,3.784563577523533,2,374
19-11-2022,Snacks,1433,18.905353362942428,0,Rural,5,9.402569441715873,7,424
20-11-2022,Beverages,197,17.593396572753107,1,Rural,6,4.166442714626612,8,141
21-11-2022,Beverages,154,4.073520015690082,1,Suburban,0,8.875660437994128,6,230
22-11-2022,Beverages,722,15.939243178384796,0,Suburban,1,5.708526831,6,280
23-11-2022,Dairy,763,11.917160264037566,0,Urban,2,12.441507285871376,1,350
24-11-2022,Personal Care,857,11.764931881256953,0,Rural,3,12.40009433,4,197
25-11-2022,Snacks,505,8.429812498105314,0,Suburban,4,7.421580772774819,1,329
26-11-2022,Snacks,168,10.521906984458186,1,Suburban,5,5.586877085357726,4,238
27-11-2022,Dairy,1435,8.546396771,0,Suburban,6,5.757117050106871,2,396
28-11-2022,Snacks,1412,11.254919756438914,0,Suburban,0,12.182860622189159,5,399
29-11-2022,Beverages,1885,12.93105100268008,0,Suburban,1,5.258602500565374,9,363
30-11-2022,Personal Care,1671,13.81177232177192,1,Rural,2,3.531360918749267,3,460
01-12-2022,Household,850,11.117142658629097,0,Rural,3,1.7279809571919489,8,459
02-12-2022,Snacks,1271,14.707019279245902,0,Rural,4,7.267050252823922,3,177
03-12-2022,Beverages,1590,3.6842829362346103,1,Rural,5,7.490915434337707,6,56
04-12-2022,Household,1862,5.027667327142532,1,Urban,6,12.693176300842154,4,475
05-12-2022,Personal Care,1367,16.55596507741113,0,Rural,0,3.7079610984679277,8,96
06-12-2022,Household,1614,7.128031579081888,0,Suburban,1,6.024373468191799,6,102
07-12-2022,Beverages,1972,1.4349826745462848,0,Rural,2,12.221883213958519,8,236
08-12-2022,Household,1057,3.922031843692591,0,Urban,3,12.442542355860116,1,87
09-12-2022,Dairy,1630,5.248674255429914,0,Suburban,4,6.076860601692139,6,275
10-12-2022,Household,464,19.189134869997158,1,Rural,5,7.157298337656873,1,102
11-12-2022,Snacks,581,11.887787149686137,1,Rural,6,4.897645417314602,1,448
12-12-2022,Snacks,300,18.72188406904884,0,Rural,0,14.022045737080024,8,273
13-12-2022,Dairy,253,11.928103659435873,0,Suburban,1,2.2203346032529145,7,203
14-12-2022,Beverages,1573,10.107734362619183,1,Suburban,2,14.039366633521315,3,97
15-12-2022,Snacks,1624,6.960826132687825,0,Urban,3,10.416063551612476,6,400
16-12-2022,Personal Care,172,12.521047944234136,0,Suburban,4,8.207796213957602,9,196
17-12-2022,Snacks,812,3.644762467733067,0,Suburban,5,0.9735563813751902,7,442
18-12-2022,Snacks,395,18.066970918561413,0,Rural,6,7.396144781,3,113
19-12-2022,Beverages,1140,16.75731569768439,0,Suburban,0,6.412347522539618,6,398
20-12-2022,Household,1764,7.0330975096580035,1,Rural,1,2.837672773639277,4,231
21-12-2022,Snacks,1340,19.103153024424593,0,Rural,2,10.017939250759525,3,174
22-12-2022,Dairy,160,16.678814580895796,0,Suburban,3,14.581688156840144,9,228
23-12-2022,Household,1038,13.659830830865754,0,Urban,4,8.651737760435614,2,88
24-12-2022,Personal Care,1739,3.313476311380221,1,Urban,5,10.863922508437215,1,309
25-12-2022,Beverages,141,10.086446437913374,1,Suburban,6,1.4925315622072435,2,431
26-12-2022,Personal Care,124,10.616043542088267,1,Urban,0,6.556171439346423,7,52
27-12-2022,Household,1162,5.418475808942222,1,Rural,1,2.1871980348851903,1,113
28-12-2022,Household,1926,2.5193424928267367,0,Rural,2,9.385539615,6,78
29-12-2022,Household,230,15.75774897896216,1,Suburban,3,14.107991294105242,7,421
30-12-2022,Personal Care,1621,3.3186659903635056,0,Urban,4,10.095777120838758,9,60
31-12-2022,Household,1352,12.29152426067372,0,Urban,5,1.6136442005591123,8,146
01-01-2023,Personal Care,207,18.79253430378955,1,Rural,6,5.642659972283701,6,407
02-01-2023,Household,271,17.645998659362807,1,Suburban,0,8.484619001892348,3,491
03-01-2023,Dairy,1558,6.277299851235961,1,Urban,1,6.346512463932157,8,252
04-01-2023,Household,1601,17.177524113474043,1,Suburban,2,12.587838151889999,7,460
05-01-2023,Personal Care,201,1.0063176162892988,1,Urban,3,12.312729568294843,3,70
06-01-2023,Snacks,965,1.336068382651887,0,Rural,4,9.371549791496712,9,88
07-01-2023,Household,623,12.448510113014434,1,Rural,5,5.915140204424226,2,272
08-01-2023,Snacks,374,7.931166164,1,Suburban,6,4.20237742,3,151
09-01-2023,Dairy,1736,8.342755982023796,1,Rural,0,2.035177614090375,2,95
10-01-2023,Beverages,1167,11.724380722898767,0,Urban,1,5.646016410555034,1,115
11-01-2023,Dairy,916,4.6438666562453506,1,Rural,2,6.491001499511933,4,140
12-01-2023,Household,1056,5.023351662644089,0,Suburban,3,10.299432414009067,5,213
13-01-2023,Snacks,1140,10.207430153358429,1,Suburban,4,10.043317452314815,6,160
14-01-2023,Snacks,429,15.330817342533399,1,Suburban,5,1.5165680247982258,5,387
15-01-2023,Personal Care,1692,12.770457276744166,0,Urban,6,6.231260073751788,1,172
16-01-2023,Snacks,1946,6.649745916499939,1,Urban,0,3.135793574651748,3,242
17-01-2023,Personal Care,1620,9.176406372669502,0,Urban,1,2.7737842270936826,1,496
18-01-2023,Beverages,1938,4.242630412449969,0,Urban,2,12.495881171190065,5,148
19-01-2023,Household,111,2.4179664724045526,0,Urban,3,1.1077706423857343,5,340
20-01-2023,Personal Care,1441,15.871224774138835,1,Rural,4,6.578151701,6,208
21-01-2023,Beverages,1715,6.042360774575697,1,Urban,5,2.9389530086145137,8,461
22-01-2023,Snacks,315,4.377561369173716,1,Urban,6,13.250288127337873,1,152
23-01-2023,Snacks,438,14.140743055817067,0,Rural,0,8.577087442,4,434
24-01-2023,Beverages,1899,12.742981811456534,1,Urban,1,3.8550192274642963,1,330
25-01-2023,Snacks,760,13.030602894255818,0,Suburban,2,7.785195663912458,9,92
26-01-2023,Beverages,1204,5.348997492085658,1,Urban,3,11.10655221569518,7,133
27-01-2023,Personal Care,1850,5.420265232690939,0,Urban,4,14.39271112933179,7,240
28-01-2023,Personal Care,1608,5.195249965927143,0,Suburban,5,3.6964670615585744,5,100
29-01-2023,Beverages,473,4.301299317583595,0,Suburban,6,13.349635695875504,7,435
30-01-2023,Personal Care,1075,13.45874977867147,1,Suburban,0,14.04740965542861,2,259
31-01-2023,Personal Care,809,17.112301819738626,0,Suburban,1,13.78809789571496,4,175
01-02-2023,Personal Care,1323,14.762031923856563,0,Urban,2,9.713508174497692,7,497
02-02-2023,Dairy,1660,16.04977904145032,0,Suburban,3,9.632399489303262,3,118
03-02-2023,Household,565,8.691170152618795,0,Suburban,4,6.3465541811654305,2,314
04-02-2023,Snacks,1212,13.427440112067965,0,Rural,5,11.409769293404924,2,307
05-02-2023,Dairy,1391,7.730488568450716,0,Suburban,6,8.203763266088513,1,467
06-02-2023,Personal Care,1778,10.98458781740416,1,Suburban,0,10.32285203281027,5,237
07-02-2023,Beverages,1694,10.151062084162383,1,Rural,1,6.712639605807534,6,279
08-02-2023,Personal Care,588,4.360855757733233,0,Rural,2,11.106698728625517,6,238
09-02-2023,Household,1661,8.354496446376984,1,Urban,3,12.454837005265961,9,464
10-02-2023,Personal Care,146,19.31262323416467,1,Rural,4,2.6233257207408336,4,59
11-02-2023,Beverages,1411,5.723024896583899,0,Urban,5,12.577480875826307,1,163
12-02-2023,Household,877,3.5422709893102855,0,Rural,6,8.334299710959455,6,125
13-02-2023,Personal Care,1139,8.953031810854771,0,Rural,0,12.747655681808252,5,213
14-02-2023,Household,810,16.016416981342815,1,Urban,1,6.753874741944712,6,134
15-02-2023,Snacks,500,12.060816365819473,0,Rural,2,5.996087038054008,3,98
16-02-2023,Snacks,1917,13.938521717526646,1,Urban,3,13.768380621499725,2,375
17-02-2023,Personal Care,1080,4.604202115318866,0,Rural,4,4.141954379451819,6,226
18-02-2023,Household,1209,12.760015667146709,1,Suburban,5,12.741078716649074,1,436
19-02-2023,Beverages,349,7.146507503318001,0,Rural,6,7.518298301,7,438
20-02-2023,Personal Care,490,16.851763953140583,0,Urban,0,7.954383916993266,7,267
21-02-2023,Snacks,1905,12.956677314203988,1,Rural,1,4.972790081597518,7,238
22-02-2023,Snacks,434,4.778269277730622,1,Urban,2,8.809111908975726,1,395
23-02-2023,Personal Care,728,2.227716917037637,1,Urban,3,5.215562346005064,4,279
24-02-2023,Household,1642,1.810030976453622,1,Suburban,4,1.0694065065039586,7,304
25-02-2023,Snacks,236,8.056762785352674,1,Suburban,5,4.443979777493163,9,285
26-02-2023,Household,982,6.051171596431956,1,Urban,6,0.5924961293955648,5,75
27-02-2023,Snacks,787,13.275712345787653,0,Rural,0,14.68614441232442,2,121
28-02-2023,Snacks,1963,10.487342864593748,1,Urban,1,14.50333454238634,7,310
01-03-2023,Dairy,1621,6.054366282102234,0,Urban,2,6.2297518133484235,1,303
02-03-2023,Snacks,926,3.8355177810533463,0,Rural,3,11.061377387924868,7,320
03-03-2023,Beverages,826,3.416795491061542,1,Rural,4,5.514188426951162,6,172
04-03-2023,Personal Care,1600,17.428547450667935,0,Rural,5,10.230850777746653,7,193
05-03-2023,Personal Care,693,5.6260813996924774,1,Rural,6,12.178735624166697,3,306
06-03-2023,Household,1346,13.382502310308398,1,Urban,0,14.22796554803749,3,193
07-03-2023,Snacks,1089,16.40303263173906,0,Urban,1,6.303077999820244,7,470
08-03-2023,Beverages,471,12.667544912509985,0,Suburban,2,11.857820752862692,2,308
09-03-2023,Household,1034,17.33173940129197,1,Urban,3,4.355962534165722,1,485
10-03-2023,Dairy,1094,8.455480709041016,1,Rural,4,14.859818405007902,9,96
11-03-2023,Household,501,19.16822162233002,0,Suburban,5,0.8736591820830916,9,400
12-03-2023,Household,1566,3.529755079383842,0,Rural,6,9.251167694266254,7,62
13-03-2023,Snacks,1613,2.940841063493224,0,Urban,0,10.062836733944243,7,425
14-03-2023,Dairy,714,13.515150777941427,0,Suburban,1,10.476660577574869,3,257
15-03-2023,Household,1396,18.913791686851972,1,Rural,2,2.2456198924417907,2,360
16-03-2023,Beverages,1649,16.368785771090234,1,Suburban,3,14.108681860360392,7,284
17-03-2023,Beverages,1282,2.451920329322977,1,Suburban,4,3.1271575462262007,9,198
18-03-2023,Personal Care,1275,6.307986564759611,1,Urban,5,9.529924346977696,1,371
19-03-2023,Dairy,1094,18.67605881191865,0,Rural,6,3.728803147284732,4,487
20-03-2023,Dairy,719,5.808110223214906,0,Suburban,0,4.954638046808428,6,204
21-03-2023,Personal Care,287,15.842238051951465,1,Suburban,1,8.423648855057802,7,215
22-03-2023,Household,1936,16.67751172264537,1,Rural,2,6.549304569186359,7,139
23-03-2023,Dairy,1221,10.413589965758653,1,Suburban,3,2.823271214159341,2,235
24-03-2023,Beverages,230,8.340629287117995,1,Suburban,4,2.9785778351023002,4,367
25-03-2023,Beverages,904,9.552364215975434,1,Suburban,5,6.563099428360595,5,407
26-03-2023,Snacks,1294,5.3123291929419185,1,Rural,6,11.480603184994761,1,223
27-03-2023,Dairy,1035,17.89842740644804,1,Rural,0,13.520487379292934,1,266
28-03-2023,Household,1085,9.561773478,1,Rural,1,1.7198511027610512,3,444
29-03-2023,Personal Care,282,17.766729368665896,1,Rural,2,6.200006659611315,3,313
30-03-2023,Personal Care,1082,3.0081761182192075,0,Urban,3,1.953560673981711,8,146
31-03-2023,Household,463,19.777230149002495,1,Suburban,4,0.7405909691726693,9,166
01-04-2023,Snacks,138,9.422188661428747,0,Rural,5,10.09492089833737,1,248
02-04-2023,Personal Care,1650,1.908785587488004,0,Suburban,6,9.235516908515523,2,369
03-04-2023,Dairy,596,1.7224151165116433,1,Suburban,0,2.8637771503158502,2,70
04-04-2023,Snacks,1639,15.177937892154933,1,Urban,1,3.8902860798494294,4,249
05-04-2023,Dairy,1472,13.521675149869935,0,Rural,2,0.8437624278455165,2,420
06-04-2023,Beverages,1081,16.240480604424164,0,Rural,3,12.606734482568854,7,496
07-04-2023,Snacks,1020,3.0019831451033134,1,Suburban,4,14.633013642703997,9,390
08-04-2023,Personal Care,1520,1.6758464736754186,0,Rural,5,2.4641632835230167,7,497
09-04-2023,Snacks,821,10.663006499503991,1,Suburban,6,3.8563905995968226,6,297
10-04-2023,Snacks,1284,8.364309398,1,Suburban,0,13.091938097230544,1,325
11-04-2023,Snacks,115,9.776991797,1,Urban,1,13.93372507036468,9,313
12-04-2023,Snacks,592,19.840179768535204,0,Urban,2,6.584597051,5,107
13-04-2023,Dairy,1549,19.444249195742735,0,Urban,3,1.2340258479015749,5,351
14-04-2023,Beverages,1231,18.903992403790664,1,Suburban,4,1.0711815885458813,6,80
15-04-2023,Household,993,15.893010858585804,0,Rural,5,8.822273058,9,298
16-04-2023,Snacks,1573,7.741985844880918,0,Urban,6,6.196979078951096,8,142
17-04-2023,Personal Care,410,8.830487675,0,Rural,0,0.9154601998759905,8,314
18-04-2023,Snacks,838,11.442704830659565,0,Urban,1,8.957159688532073,8,320
19-04-2023,Personal Care,1293,16.78015467169196,0,Urban,2,0.6638867805408258,1,143
20-04-2023,Dairy,645,2.3055438178470875,0,Suburban,3,11.916893393164457,1,203
21-04-2023,Personal Care,513,9.061640831812873,0,Urban,4,4.9432759291988875,8,443
22-04-2023,Household,350,2.569735605726105,1,Urban,5,1.0837410436338655,5,334
23-04-2023,Beverages,858,10.77849414489672,0,Suburban,6,9.031107204255724,9,129
24-04-2023,Personal Care,1904,18.07911565611847,0,Rural,0,6.266424009279293,2,341
25-04-2023,Personal Care,1264,15.86721356671482,0,Urban,1,14.620105993678667,9,133
26-04-2023,Beverages,1397,5.329005933319089,0,Suburban,2,8.390880606303682,8,414
27-04-2023,Household,1539,19.543826142377057,0,Urban,3,4.490968125,9,423
28-04-2023,Snacks,1731,13.67965756288214,0,Suburban,4,10.786863537192634,4,86
29-04-2023,Personal Care,1862,1.1981262885506583,0,Rural,5,4.4366340368693145,1,391
30-04-2023,Beverages,1162,5.852856209019171,0,Rural,6,13.611527725409694,1,376
01-05-2023,Dairy,913,5.953552698478414,1,Suburban,0,5.933468572356959,5,456
02-05-2023,Beverages,128,2.315831819431339,0,Suburban,1,8.473094160254975,2,474
03-05-2023,Dairy,1057,19.23670384344265,0,Suburban,2,1.2333100054513184,8,281
04-05-2023,Household,576,10.08685059694255,0,Rural,3,6.678757950307347,5,142
05-05-2023,Snacks,417,18.020477350065757,0,Urban,4,12.569271325084427,5,385
06-05-2023,Beverages,344,7.122094565447939,1,Rural,5,12.181907677768457,2,151
07-05-2023,Personal Care,847,3.3794378382237156,1,Suburban,6,3.7526191033761305,7,461
08-05-2023,Household,796,10.012386088218063,1,Suburban,0,3.778146529653159,8,481
09-05-2023,Beverages,371,3.165176059572026,1,Rural,1,12.350927027091933,1,215
10-05-2023,Personal Care,1563,10.234294556573259,1,Suburban,2,13.99077709245522,2,208
11-05-2023,Beverages,1871,18.485646443168747,1,Rural,3,1.8827333584585515,4,63
12-05-2023,Dairy,1362,10.894594694850042,1,Suburban,4,7.025850271680266,5,422
13-05-2023,Beverages,476,12.713494811006585,1,Urban,5,5.393087045,2,274
14-05-2023,Beverages,365,3.9761303025023578,1,Urban,6,13.124982604132871,1,122
15-05-2023,Beverages,1025,1.8309768917194202,1,Suburban,0,1.711111262860272,9,298
16-05-2023,Household,1020,3.1053512814163335,1,Rural,1,3.5613261670915426,1,140
17-05-2023,Beverages,1482,12.372099938002947,1,Urban,2,11.410790895004167,4,265
18-05-2023,Personal Care,439,2.8052222808537888,1,Rural,3,1.2437608102276259,2,139
19-05-2023,Dairy,488,8.143864908884916,1,Suburban,4,7.641763020357194,4,78
20-05-2023,Dairy,676,11.451746868704964,1,Rural,5,6.910552003,8,484
21-05-2023,Beverages,1812,8.384403173967094,1,Urban,6,5.348817095336855,8,354
22-05-2023,Household,102,4.109992227840728,0,Rural,0,6.221298572124395,9,476
23-05-2023,Household,1552,6.202034842768024,1,Rural,1,8.184138510488378,5,269
24-05-2023,Personal Care,1265,18.638033124122963,0,Suburban,2,2.839826696631555,7,377
25-05-2023,Beverages,475,13.843663236140753,1,Suburban,3,8.793940235112096,3,264
26-05-2023,Dairy,1793,10.424908934917845,1,Suburban,4,12.178768774849802,4,270
27-05-2023,Household,423,1.241582909750977,0,Urban,5,11.522333481957306,9,438
28-05-2023,Beverages,245,19.855892609299932,1,Urban,6,2.731548618059718,1,91
29-05-2023,Household,392,13.757643762998221,0,Suburban,0,2.6641173112513714,2,184
30-05-2023,Household,1788,7.021527069553954,0,Suburban,1,4.388528332301243,5,91
31-05-2023,Dairy,531,17.706104539958925,0,Urban,2,5.735583531945039,3,213
01-06-2023,Snacks,804,5.910200785544544,1,Urban,3,6.422605930422997,2,410
02-06-2023,Personal Care,1048,11.33631500447228,1,Urban,4,10.355609644083506,1,332
03-06-2023,Personal Care,684,13.085344510866676,1,Urban,5,1.3218662664046135,3,107
04-06-2023,Dairy,498,5.200204057620841,0,Suburban,6,1.0027542112779626,1,351
05-06-2023,Household,916,19.589548297211323,0,Urban,0,6.182703162686681,1,371
06-06-2023,Beverages,1467,15.215646213600953,1,Suburban,1,10.608873536000717,1,74
07-06-2023,Household,1063,11.598451284710329,1,Rural,2,3.3048124728689974,8,122
08-06-2023,Dairy,1263,4.431297365330717,1,Rural,3,9.801814978,3,422
09-06-2023,Personal Care,286,2.0233059329624963,1,Urban,4,4.267508000134342,1,460
10-06-2023,Household,1928,7.0811368178986855,1,Rural,5,13.348248577795987,7,178
11-06-2023,Personal Care,160,15.310559382354654,0,Rural,6,13.48750419186594,3,136
12-06-2023,Beverages,1038,6.117294667738476,0,Rural,0,4.8106644620792345,8,379
13-06-2023,Personal Care,1503,11.251568189414597,0,Urban,1,3.8349094324669872,4,475
14-06-2023,Personal Care,809,14.83099635788412,1,Urban,2,6.463907594960354,4,485
15-06-2023,Snacks,906,3.0509305782828227,0,Rural,3,3.9877079851121566,5,202
16-06-2023,Snacks,1563,14.020662306201594,0,Suburban,4,10.249565727729703,6,231
17-06-2023,Snacks,1442,2.7455468664908493,0,Rural,5,12.47793792595014,7,174
18-06-2023,Personal Care,1425,19.337465100412935,0,Urban,6,10.259835898212646,4,116
19-06-2023,Dairy,1467,10.279488471233853,0,Urban,0,12.453081485115568,8,55
20-06-2023,Personal Care,110,3.8628460464876704,1,Urban,1,6.256386352008375,6,174
21-06-2023,Dairy,1185,7.505289084637384,0,Rural,2,2.7665960752784824,1,363
22-06-2023,Dairy,1968,8.854912536609968,1,Suburban,3,11.200288737265087,1,375
23-06-2023,Snacks,325,15.40551521045421,1,Urban,4,5.726880324552531,9,102
24-06-2023,Household,1276,15.125051935455577,1,Urban,5,10.23342696582242,6,115
25-06-2023,Beverages,1834,12.62686960140929,1,Rural,6,4.424337158735602,8,363
26-06-2023,Snacks,663,3.012683538611366,1,Suburban,0,1.6778297046967536,7,131
27-06-2023,Snacks,871,3.879818060165798,0,Rural,1,14.892436034572569,6,136
28-06-2023,Household,1694,2.781381492265576,0,Urban,2,2.7649218649936897,4,51
29-06-2023,Beverages,1707,11.966282882463451,1,Suburban,3,14.832104412470475,7,253
30-06-2023,Personal Care,1783,17.665630388716675,1,Suburban,4,14.670559022213485,9,199
01-07-2023,Personal Care,1984,9.242209732840664,1,Urban,5,12.010362506666574,7,342
02-07-2023,Snacks,1698,4.056115305197178,0,Suburban,6,10.061632950188965,1,453
03-07-2023,Beverages,1433,11.602804177830373,1,Suburban,0,8.878202228640728,9,152
04-07-2023,Snacks,984,16.423292120448487,0,Rural,1,13.058472407978602,4,73
05-07-2023,Dairy,1366,15.09252916874567,1,Urban,2,4.696873063482575,3,417
06-07-2023,Snacks,1616,17.747564813825406,0,Urban,3,7.281377581030717,4,261
07-07-2023,Snacks,1489,6.280139847728488,1,Urban,4,9.481154555814278,4,114
08-07-2023,Personal Care,1453,4.685123478087722,0,Urban,5,6.462261900107621,2,498
09-07-2023,Personal Care,1230,17.716513232896837,1,Urban,6,6.698553584308885,1,258
10-07-2023,Personal Care,325,13.493645942782438,0,Suburban,0,5.289127678780224,1,300
11-07-2023,Dairy,924,6.907649670143529,0,Rural,1,8.681361341925772,8,434
12-07-2023,Personal Care,317,15.104612960877674,0,Urban,2,12.833330656219182,2,166
13-07-2023,Beverages,1036,16.48724930512699,0,Rural,3,3.4221614810915364,5,165
14-07-2023,Household,852,12.684586566481515,0,Rural,4,14.049279061924901,4,286
15-07-2023,Beverages,605,14.069798087718388,0,Suburban,5,10.49177097934933,8,154
16-07-2023,Beverages,358,8.129938184,0,Urban,6,12.437461583860438,2,308
17-07-2023,Personal Care,1897,11.235217679517742,1,Suburban,0,8.564765043,9,95
18-07-2023,Household,1640,10.959024243797083,1,Urban,1,11.80299217064892,7,360
19-07-2023,Household,1896,17.112908031484665,1,Suburban,2,0.7349057614222745,7,380
20-07-2023,Household,153,16.95931562536147,1,Rural,3,12.366516159303261,1,265
21-07-2023,Dairy,1170,16.82092891759382,1,Urban,4,1.0820134567378146,2,497
22-07-2023,Personal Care,826,1.209600671,0,Rural,5,13.403743957261506,4,350
23-07-2023,Household,788,15.241364204908876,0,Rural,6,14.883459834960329,4,459
24-07-2023,Dairy,1644,15.414851412109092,0,Suburban,0,4.763978201563278,3,382
25-07-2023,Snacks,1222,13.889197634247695,0,Urban,1,3.549619066144008,7,498
26-07-2023,Snacks,1143,15.369028499937599,0,Rural,2,11.59776877594159,8,73
27-07-2023,Dairy,1876,16.997437058437466,1,Suburban,3,4.168881943343672,2,84
28-07-2023,Dairy,1696,9.936062027933927,1,Urban,4,13.05065455599695,4,73
29-07-2023,Personal Care,1613,10.538954056280495,1,Urban,5,1.9912175862834123,3,77
30-07-2023,Personal Care,518,3.3695670813164194,1,Rural,6,2.3263503475006946,2,65
31-07-2023,Snacks,789,8.322141777899875,0,Urban,0,14.697697548958926,6,108
01-08-2023,Household,949,13.223938418323902,0,Rural,1,10.270664024915067,4,292
02-08-2023,Snacks,161,15.827595746798217,0,Urban,2,12.779864754219815,6,487
03-08-2023,Household,1268,5.126972856,1,Suburban,3,5.202775971597011,2,256
04-08-2023,Household,315,3.6186350840254726,0,Rural,4,10.309014368048764,4,449
05-08-2023,Personal Care,102,13.597798085509352,1,Rural,5,9.116506496,6,320
06-08-2023,Beverages,259,1.035717786973302,0,Urban,6,9.245676742,5,298
07-08-2023,Beverages,1862,4.3890791018392665,0,Urban,0,10.396720663296962,3,316
08-08-2023,Dairy,880,1.552356226535121,1,Rural,1,8.842708010371929,8,242
09-08-2023,Personal Care,1243,4.170817239242547,0,Urban,2,6.721404354888656,7,384
10-08-2023,Household,992,4.445066318584599,0,Suburban,3,4.500879068517929,3,267
11-08-2023,Beverages,1212,8.3657983,1,Urban,4,11.644429298241429,6,164
12-08-2023,Household,428,8.644215369044563,0,Suburban,5,3.780950235,4,117
13-08-2023,Beverages,679,17.61098694159452,1,Suburban,6,10.539137439239006,5,348
14-08-2023,Beverages,1480,10.69208453747768,0,Suburban,0,3.8833259284152364,5,374
15-08-2023,Beverages,1733,14.74469054663344,0,Suburban,1,9.567287464339582,7,446
16-08-2023,Personal Care,1390,2.9786098004854615,0,Suburban,2,11.33263487337092,5,443
17-08-2023,Snacks,1740,5.283336353810183,0,Urban,3,3.671351389144818,3,124
18-08-2023,Household,1051,14.35592537859486,0,Suburban,4,1.369177862,5,152
19-08-2023,Personal Care,1446,2.0032752489020336,0,Urban,5,2.3991192734155242,7,346
20-08-2023,Personal Care,734,10.245355582631309,0,Suburban,6,9.286956025,5,227
21-08-2023,Personal Care,1087,12.388010347595744,0,Rural,0,12.816972890273165,5,264
22-08-2023,Personal Care,1664,12.44076723699714,1,Suburban,1,1.1524539079136533,9,364
23-08-2023,Personal Care,1772,1.4357234140927986,1,Rural,2,11.145193256103871,3,88
24-08-2023,Dairy,1318,7.120052080354524,0,Suburban,3,5.449120366275756,6,308
25-08-2023,Household,1020,13.093322369933926,0,Suburban,4,7.438661363833076,1,253
26-08-2023,Personal Care,837,3.8309949868356252,1,Suburban,5,13.968463472760702,5,56
27-08-2023,Household,1455,14.212897318233011,0,Rural,6,5.3135868186697595,8,98
28-08-2023,Dairy,269,15.172578967459817,0,Rural,0,7.247385542122548,5,75
29-08-2023,Dairy,620,19.65741461847676,1,Suburban,1,0.698395014,9,210
30-08-2023,Household,1586,4.986997902271779,0,Urban,2,1.6831814400701564,6,406
31-08-2023,Beverages,139,16.677482685656187,0,Suburban,3,4.249578071454368,8,225
01-09-2023,Snacks,1660,10.885634961454427,1,Rural,4,0.9038574919055788,8,128
02-09-2023,Beverages,1384,8.095789326739295,0,Suburban,5,9.654942227699639,3,51
03-09-2023,Beverages,1518,3.325158389178381,0,Rural,6,6.682776173623527,7,432
04-09-2023,Beverages,1054,14.974606523263214,1,Rural,0,8.448105439556318,7,465
05-09-2023,Personal Care,1349,5.481294383730055,0,Rural,1,3.0323841954967783,6,181
06-09-2023,Dairy,1083,8.057018036,1,Suburban,2,4.791014426830934,7,325
07-09-2023,Beverages,1247,2.188302311,0,Rural,3,10.125454885364514,2,166
08-09-2023,Dairy,1074,16.225971400570863,0,Rural,4,14.496889492640797,9,213
09-09-2023,Household,137,15.565181955461224,1,Suburban,5,1.2310432172320334,1,337
10-09-2023,Snacks,427,14.938700770803937,1,Rural,6,13.410572652401358,1,77
11-09-2023,Household,1374,6.689426699345846,0,Suburban,0,8.864777419012523,3,382
12-09-2023,Household,1299,4.296121411053187,1,Rural,1,8.676833717956544,3,50
13-09-2023,Personal Care,1725,13.113512024934366,1,Urban,2,7.7540387605125245,1,237
14-09-2023,Snacks,1013,10.42716129815117,0,Urban,3,1.506214245610659,7,105
15-09-2023,Household,553,4.386796871,0,Rural,4,1.8032143501743296,4,84
16-09-2023,Household,136,14.03231414994741,0,Urban,5,9.213224082056747,2,161
17-09-2023,Snacks,1439,19.83140220460477,1,Suburban,6,5.443899285815595,5,335
18-09-2023,Snacks,1811,15.197172167098715,1,Urban,0,13.80038696537637,6,359
19-09-2023,Household,1072,15.059741347026623,1,Rural,1,6.395562791712348,9,85
20-09-2023,Snacks,895,19.055942305681242,1,Rural,2,2.5775811511882956,4,488
21-09-2023,Household,1072,4.855790983923141,0,Suburban,3,10.863423085779523,2,266
22-09-2023,Household,692,11.745449333507366,1,Rural,4,4.753624610894643,5,129
23-09-2023,Personal Care,1237,19.613287585643786,0,Suburban,5,8.119319457,3,363
24-09-2023,Beverages,1163,4.140588108433317,1,Urban,6,10.618575389824965,2,132
25-09-2023,Household,1424,14.30478723,0,Urban,0,13.55382961243002,1,114
26-09-2023,Dairy,323,12.130392773466138,0,Suburban,1,11.986772324624303,2,374
27-09-2023,Beverages,417,12.143102751585433,0,Suburban,2,10.30723548,6,177
28-09-2023,Beverages,448,14.255741922881427,1,Rural,3,10.354681144729582,8,356
29-09-2023,Beverages,214,18.66272153,0,Urban,4,14.215907338465255,3,71
30-09-2023,Personal Care,797,15.869056857175421,0,Suburban,5,4.7894494136997725,9,265
01-10-2023,Household,1446,2.066585965,1,Urban,6,0.5161253658447174,9,156
02-10-2023,Personal Care,1691,17.201832377638514,0,Suburban,0,4.443341111273881,2,158
03-10-2023,Household,1163,5.285285269,1,Urban,1,3.6594250045877876,8,421
04-10-2023,Personal Care,1989,8.161369129991067,1,Rural,2,10.096601484152973,5,406
05-10-2023,Personal Care,139,9.772923458635262,0,Urban,3,9.688818197,4,230
06-10-2023,Dairy,1982,10.137214014308324,0,Urban,4,9.105190049218495,5,405
07-10-2023,Personal Care,1872,9.268427585851779,1,Urban,5,0.7355299265370787,4,213
08-10-2023,Snacks,1412,18.809712590101423,0,Urban,6,11.067281789534388,8,117
09-10-2023,Dairy,1385,14.414361145616468,1,Urban,0,5.191190981039627,4,341
10-10-2023,Personal Care,315,12.992242273177421,1,Rural,1,10.143311840596152,6,229
11-10-2023,Beverages,1270,1.9469985278758895,1,Suburban,2,8.570387213281224,2,230
12-10-2023,Snacks,435,18.17435327494712,0,Urban,3,5.4695984187046545,5,483
13-10-2023,Snacks,1291,18.27841364815953,1,Rural,4,2.4513558730095624,6,218
14-10-2023,Snacks,191,15.824048205171945,0,Urban,5,1.8690740160769739,5,451
15-10-2023,Dairy,452,1.133554872458764,0,Urban,6,12.557015830127241,2,71
16-10-2023,Personal Care,670,2.088324770474844,0,Suburban,0,13.81676436018259,7,115
17-10-2023,Personal Care,1694,5.279250343101305,0,Urban,1,9.921926678082343,4,70
18-10-2023,Beverages,915,3.4956387547532275,1,Rural,2,1.999794665477009,8,149
19-10-2023,Beverages,1804,8.577884564370859,0,Rural,3,6.329394644879491,7,433
20-10-2023,Snacks,880,18.529838103668002,1,Suburban,4,11.06961840152478,7,349
21-10-2023,Beverages,462,9.969148249742968,1,Urban,5,11.807402818145988,9,152
22-10-2023,Dairy,656,1.2546499022111466,0,Rural,6,2.2141700232207846,1,96
23-10-2023,Personal Care,1468,6.372168101996478,1,Urban,0,0.5004454232580451,6,88
24-10-2023,Snacks,1816,1.8473032590862692,1,Urban,1,10.825987165268772,6,334
25-10-2023,Beverages,1293,1.6894648296565409,0,Urban,2,5.670644551799982,6,359
26-10-2023,Dairy,455,6.238677208815493,1,Suburban,3,4.189979308464774,6,139
27-10-2023,Dairy,290,6.236634434899963,1,Urban,4,0.6870133119481189,7,134
28-10-2023,Beverages,1790,15.955405449430478,1,Rural,5,8.334341398041746,6,322
29-10-2023,Personal Care,521,19.521858402841126,1,Urban,6,12.841685663676735,1,385
30-10-2023,Beverages,799,8.052934783909969,0,Rural,0,14.385658870952524,3,237
31-10-2023,Snacks,106,9.148850698359734,1,Urban,1,8.703301783892694,2,208
01-11-2023,Beverages,232,17.050999289434408,1,Rural,2,7.959689252228466,6,292
02-11-2023,Dairy,1870,6.094641381814754,1,Rural,3,1.733317589593996,8,122
03-11-2023,Beverages,656,3.971254283665511,1,Urban,4,8.458655622367697,3,98
04-11-2023,Personal Care,925,17.208702844669357,0,Urban,5,6.009696644998222,8,150
05-11-2023,Household,860,1.8835111423612445,1,Rural,6,9.303461572811866,8,51
06-11-2023,Beverages,1154,12.774289363788899,0,Suburban,0,6.136532044209927,5,293
07-11-2023,Personal Care,634,11.677864101869329,1,Urban,1,3.984337290030318,8,225
08-11-2023,Personal Care,525,7.572488502532191,0,Suburban,2,1.8769964908114591,6,287
09-11-2023,Dairy,1517,6.988600901,0,Urban,3,5.066317446538988,5,447
10-11-2023,Personal Care,771,15.665296797450804,0,Urban,4,1.901350097172408,9,108
11-11-2023,Personal Care,462,2.6420676044883833,0,Urban,5,3.065005786947767,7,402
12-11-2023,Personal Care,1560,5.498901876916323,0,Urban,6,14.816374299403416,8,148
13-11-2023,Personal Care,1793,14.916525904923706,1,Suburban,0,6.939501575,1,491
14-11-2023,Snacks,1674,11.41809109080206,1,Urban,1,8.212140614,2,408
15-11-2023,Snacks,181,3.4317759621381416,1,Rural,2,13.167468666689622,8,491
16-11-2023,Dairy,455,17.760576671359143,0,Rural,3,14.935749057114974,9,484
17-11-2023,Beverages,1381,8.475509085,1,Suburban,4,8.949359515497882,4,51
18-11-2023,Personal Care,1841,16.729499131121283,0,Urban,5,12.280870405140488,9,292
19-11-2023,Beverages,688,15.966547295026464,0,Rural,6,5.2406448528817915,4,346
20-11-2023,Beverages,1647,12.864083482962833,1,Suburban,0,4.933287382985721,9,260
21-11-2023,Dairy,394,10.395141494606767,1,Urban,1,6.339203954421123,7,172
22-11-2023,Personal Care,1347,19.61146596725338,0,Rural,2,10.251355308767913,2,278
23-11-2023,Personal Care,1648,3.754336375216524,0,Rural,3,10.391779494198932,9,131
24-11-2023,Household,1169,14.777958823471181,1,Suburban,4,5.070971802417037,4,193
25-11-2023,Beverages,1790,4.632623327830991,1,Urban,5,2.431543899981116,8,437
26-11-2023,Beverages,1236,7.426999001314619,1,Urban,6,9.669745718749875,7,189
27-11-2023,Snacks,1356,6.865276124,1,Rural,0,2.3607250017370855,7,78
28-11-2023,Household,116,18.993683767035737,0,Rural,1,8.888141369325286,8,440
29-11-2023,Snacks,459,19.379767377977227,1,Rural,2,10.55462085681648,1,319
30-11-2023,Snacks,1346,4.477293440459816,1,Urban,3,10.65886669771955,5,296
01-12-2023,Snacks,965,1.4186680456525795,1,Suburban,4,11.425345604564153,2,61
02-12-2023,Dairy,799,14.680152753599149,0,Suburban,5,13.156461612702136,2,404
03-12-2023,Dairy,547,8.941808743539202,0,Urban,6,7.7494053834894325,1,438
04-12-2023,Snacks,955,2.6879646566637234,0,Suburban,0,11.088613248178783,5,386
05-12-2023,Household,464,13.991328005963808,0,Rural,1,9.478004662804633,2,155
06-12-2023,Beverages,774,11.357005036953295,1,Suburban,2,3.2062791270663973,4,81
07-12-2023,Household,1107,19.629819618021013,0,Suburban,3,0.8724998506064184,3,123
08-12-2023,Personal Care,1449,5.320780421,1,Suburban,4,4.625850092,3,220
09-12-2023,Dairy,566,8.675579650204416,1,Rural,5,6.9239887418954815,2,386
10-12-2023,Beverages,513,11.308370264513036,1,Urban,6,9.448036194215517,6,118
11-12-2023,Beverages,1578,16.042299780613682,1,Rural,0,12.824410292296477,2,350
12-12-2023,Personal Care,685,11.427934477681116,0,Urban,1,3.3455628922394016,8,411
13-12-2023,Personal Care,1356,12.645103056377035,0,Urban,2,2.320471953527918,8,186
14-12-2023,Snacks,1347,5.296793980208874,0,Urban,3,14.47045923837775,5,482
15-12-2023,Dairy,1093,17.091455833682637,1,Suburban,4,2.066646110957903,7,466
16-12-2023,Dairy,1954,9.143980392439039,1,Suburban,5,7.438120516554243,4,149
17-12-2023,Household,1535,3.678232922913616,1,Urban,6,8.990674067502876,1,195
18-12-2023,Snacks,671,13.61957037560293,1,Urban,0,8.349929103157855,2,58
19-12-2023,Snacks,434,5.105718610520842,1,Suburban,1,1.7474662769776765,4,111
20-12-2023,Snacks,1345,2.853687694546695,0,Rural,2,1.3268902530524809,1,234
21-12-2023,Snacks,136,17.377751259681173,1,Urban,3,2.0295096981850174,8,78
22-12-2023,Dairy,1088,9.743083025280354,0,Rural,4,8.991021416152881,9,430
23-12-2023,Dairy,377,15.236390541219752,1,Suburban,5,8.393000870697655,4,163
24-12-2023,Snacks,1319,6.521163636320747,1,Urban,6,3.889241484532792,3,458
25-12-2023,Household,1015,15.95243256343566,0,Rural,0,9.747725056761077,2,192
26-12-2023,Beverages,1987,3.126782613409076,0,Rural,1,12.390978779806916,5,439
27-12-2023,Beverages,583,7.763494102102202,1,Rural,2,1.1028949177756096,3,169
28-12-2023,Household,1365,19.58317454149704,1,Suburban,3,7.722884181446615,7,219
29-12-2023,Snacks,1447,16.085804610992113,1,Suburban,4,10.49500097548901,6,206
30-12-2023,Dairy,830,10.447862675979076,1,Rural,5,4.158522942510462,1,384
31-12-2023,Beverages,291,7.4557719596758165,0,Rural,6,4.962678126750662,8,398
01-01-2024,Personal Care,1140,17.570578300427055,1,Suburban,0,9.397749593346065,2,309
02-01-2024,Personal Care,623,11.352107422605798,0,Rural,1,13.520061754934185,5,131
03-01-2024,Household,1017,15.41007533951311,1,Rural,2,12.243904094392041,9,291
04-01-2024,Snacks,500,15.328045926007118,0,Suburban,3,8.955388176943961,8,490
05-01-2024,Beverages,985,1.3409678928013449,0,Rural,4,11.088214907480113,2,482
06-01-2024,Snacks,804,3.3988218730596556,1,Rural,5,5.789925818013081,9,221
07-01-2024,Beverages,121,13.532957961500102,0,Rural,6,9.794000157431988,5,280
08-01-2024,Household,573,4.070776414431558,1,Suburban,0,7.259633071349576,6,257
09-01-2024,Household,1243,5.854373548456489,0,Rural,1,3.2540739786346333,3,124
10-01-2024,Personal Care,309,18.986121129792537,1,Suburban,2,10.675204971220229,3,319
11-01-2024,Snacks,405,11.643462909123325,0,Suburban,3,8.568737241557919,8,436
12-01-2024,Personal Care,1393,15.263860632987596,1,Urban,4,5.700012938327076,2,163
13-01-2024,Snacks,803,11.601634036870157,1,Urban,5,13.714418256140146,2,111
14-01-2024,Personal Care,786,11.49775868087178,0,Rural,6,0.8035447084876324,5,411
15-01-2024,Dairy,384,2.788886292,0,Suburban,0,5.078710693117692,6,369
16-01-2024,Dairy,815,7.529600659572958,0,Urban,1,1.324780267775875,2,151
17-01-2024,Dairy,1799,6.366187075043722,0,Rural,2,11.614646085213595,5,478
18-01-2024,Dairy,862,8.423838946658652,1,Urban,3,10.680558084649993,7,411
19-01-2024,Beverages,1350,16.168539576262237,0,Urban,4,5.304607171676597,8,259
20-01-2024,Dairy,1047,8.066720690420432,1,Suburban,5,10.29711208200256,7,491
21-01-2024,Household,480,9.582239565401972,0,Suburban,6,6.241089779841273,8,304
22-01-2024,Household,559,8.550246419221015,1,Urban,0,11.465679975625298,9,69
23-01-2024,Beverages,1130,2.774751467530616,1,Urban,1,7.085663109682238,5,107
24-01-2024,Dairy,128,9.380371006764891,1,Suburban,2,6.4780560535591505,5,161
25-01-2024,Dairy,1006,4.716576187845785,1,Rural,3,14.053583774580364,4,362
26-01-2024,Dairy,1156,4.547742619687789,0,Suburban,4,4.1377469484151534,9,245
27-01-2024,Personal Care,1769,2.7866859842510605,0,Urban,5,2.246486429950199,5,424
28-01-2024,Snacks,978,7.776748509,1,Rural,6,8.975875142262144,2,402
29-01-2024,Personal Care,178,15.39215581099893,0,Urban,0,14.555166278120595,8,141
30-01-2024,Snacks,1046,6.252392121084525,0,Rural,1,5.978668599044206,7,101
31-01-2024,Dairy,558,6.934632935824758,1,Urban,2,1.399533072617332,8,342
01-02-2024,Dairy,669,13.21081849577605,0,Rural,3,5.419926375988728,3,57
02-02-2024,Personal Care,1661,4.7209754391514585,0,Rural,4,7.836008987633598,4,349
03-02-2024,Personal Care,1605,18.042200678047152,0,Urban,5,2.8478835961670987,5,147
04-02-2024,Snacks,1553,10.883619941779536,1,Rural,6,10.042482161819136,6,285
05-02-2024,Household,837,9.504455866084122,0,Suburban,0,14.96736614064791,1,438
06-02-2024,Snacks,1408,11.598583646654827,1,Urban,1,7.050222401730935,4,423
07-02-2024,Personal Care,615,4.154651954907713,0,Suburban,2,5.643564072588084,5,118
08-02-2024,Personal Care,1222,12.65598963414435,0,Urban,3,6.310210419099766,7,464
09-02-2024,Beverages,496,7.898913996046199,0,Rural,4,2.169619586730416,5,94
10-02-2024,Personal Care,1612,18.04654047832776,1,Rural,5,13.307467220680245,1,186
11-02-2024,Beverages,138,4.208229926876037,1,Rural,6,6.514972005059604,7,283
12-02-2024,Household,1394,10.63397097344338,0,Urban,0,6.115478965660199,8,81
13-02-2024,Snacks,986,12.364139958011341,1,Suburban,1,10.065508957491877,7,338
14-02-2024,Snacks,896,1.6342884339412431,0,Suburban,2,6.909484603501291,4,175
15-02-2024,Beverages,256,7.910169370366664,1,Urban,3,9.899385297713767,8,116
16-02-2024,Snacks,1198,14.920069459315823,1,Urban,4,1.3909712068964188,5,79
17-02-2024,Personal Care,983,16.587172641530493,0,Suburban,5,12.298988483972298,9,163
18-02-2024,Dairy,1923,6.950077901528365,0,Suburban,6,14.137307316751338,5,253
19-02-2024,Beverages,1253,16.173272175272274,0,Suburban,0,9.907098099311096,1,78
20-02-2024,Snacks,1810,19.387361664964388,0,Suburban,1,14.341205968452757,9,180
21-02-2024,Beverages,1073,17.28060478542679,1,Urban,2,2.6957685583644677,5,234
22-02-2024,Beverages,1207,3.2352357750271787,1,Urban,3,7.422534747465129,6,302
23-02-2024,Dairy,1145,15.054876309625271,1,Rural,4,9.226197642208986,4,335
24-02-2024,Personal Care,1582,7.073669816,0,Suburban,5,8.935181387607207,6,442
25-02-2024,Beverages,1662,19.779903798829455,0,Rural,6,6.321195796791127,8,459
26-02-2024,Snacks,1830,10.221820680037855,1,Urban,0,5.402223936,3,435
27-02-2024,Household,948,3.3262440688198796,0,Urban,1,2.3389483269810727,5,111
28-02-2024,Beverages,1505,14.778525412520425,1,Rural,2,6.180265533153034,2,52
29-02-2024,Beverages,847,7.137212769338063,1,Suburban,3,2.8585818190295345,2,479
01-03-2024,Dairy,1563,19.944484984551572,1,Suburban,4,11.148302309137167,7,117
02-03-2024,Personal Care,1727,19.615866699235916,1,Suburban,5,3.5280485646715545,6,74
03-03-2024,Household,1088,13.466546342391034,1,Suburban,6,1.3491969266257409,4,228
04-03-2024,Snacks,120,3.466702530082634,0,Rural,0,8.509308998349898,5,190
05-03-2024,Household,402,14.050358955825551,0,Rural,1,9.130831124431323,1,280
06-03-2024,Snacks,968,2.767579242740517,0,Urban,2,13.14273938856733,7,349
07-03-2024,Personal Care,183,1.557919022945454,1,Suburban,3,8.866233380056388,8,212
08-03-2024,Snacks,1897,16.636210478208234,1,Suburban,4,5.509472378989963,9,360
09-03-2024,Dairy,1782,4.985306005989946,1,Suburban,5,12.143672282131648,8,442
10-03-2024,Dairy,1576,8.201515398,1,Rural,6,8.334043951217605,5,179
11-03-2024,Dairy,1510,19.49569040954729,0,Suburban,0,1.6495641271522803,3,494
12-03-2024,Dairy,1630,7.399969535360962,0,Rural,1,8.704833124542077,9,295
13-03-2024,Household,1380,6.633305844,1,Suburban,2,13.666268908614105,6,346
14-03-2024,Personal Care,669,18.44595199283273,1,Suburban,3,6.246533069724198,5,221
15-03-2024,Snacks,1033,3.104220461060204,1,Urban,4,4.796724127547101,3,113
16-03-2024,Snacks,1650,15.432065792178005,0,Suburban,5,2.5803071267612907,6,80
17-03-2024,Dairy,1285,19.773245766402706,0,Suburban,6,2.695960068062681,3,96
18-03-2024,Dairy,1286,18.124624204718327,0,Urban,0,6.775186522956374,6,179
19-03-2024,Beverages,1955,13.381690455422092,1,Rural,1,9.137357450342178,4,401
20-03-2024,Personal Care,1108,6.967155104861908,1,Rural,2,1.6689233749592254,2,382
21-03-2024,Household,892,5.832117642388018,0,Suburban,3,14.123744540864903,8,159
22-03-2024,Snacks,891,16.56584699255776,1,Rural,4,11.44943745295534,4,118
23-03-2024,Beverages,1647,17.71661636508221,0,Suburban,5,9.006046815113109,9,107
24-03-2024,Beverages,1909,10.983263338368165,1,Urban,6,12.512360728615366,7,155
25-03-2024,Snacks,1394,5.642458874942857,0,Urban,0,1.6627079737756427,2,349
26-03-2024,Household,591,3.1459209598122975,1,Suburban,1,7.414163727130304,4,379
27-03-2024,Beverages,307,2.6564098888047925,0,Urban,2,9.636350339,5,305
28-03-2024,Beverages,1662,14.662471499723257,0,Urban,3,12.515467138715193,3,361
29-03-2024,Personal Care,1707,8.982255829106775,0,Suburban,4,11.860308620714381,9,220
30-03-2024,Household,1183,18.201837611279537,0,Suburban,5,4.517504120844294,5,432
31-03-2024,Beverages,529,15.05375471380851,0,Urban,6,14.142762458608463,2,211
01-04-2024,Household,1084,4.633947940377148,0,Rural,0,2.303014701,3,335
02-04-2024,Snacks,1780,12.661770957498282,1,Rural,1,13.189437470006705,9,120
03-04-2024,Dairy,1728,9.274603633565027,1,Suburban,2,14.578633619266968,7,304
04-04-2024,Beverages,1432,11.967744884603649,1,Suburban,3,3.068726086728071,2,423
05-04-2024,Personal Care,619,15.023313343431825,0,Rural,4,10.969957930954887,9,104
06-04-2024,Snacks,690,16.317721739072027,0,Urban,5,1.0841400222809776,4,372
07-04-2024,Household,1150,17.031009201727763,1,Rural,6,6.378630964517747,9,446
08-04-2024,Snacks,1809,5.8255226168684695,0,Rural,0,7.986107838366273,2,52
09-04-2024,Beverages,1685,1.5911963984297959,0,Rural,1,8.919355775689693,4,75
10-04-2024,Household,298,15.04659996813069,0,Rural,2,14.071090099604113,5,362
11-04-2024,Dairy,486,3.0205307988597174,0,Suburban,3,10.247634965765823,2,175
12-04-2024,Snacks,448,6.983472183646385,0,Suburban,4,7.478530292678936,1,457
13-04-2024,Beverages,1059,1.0725255483625957,1,Urban,5,12.240288025855396,7,102
14-04-2024,Personal Care,792,13.951720165630782,1,Urban,6,14.28272590383893,1,247
15-04-2024,Household,1659,4.175508217953204,1,Urban,0,0.8199591558932172,8,348
16-04-2024,Snacks,1951,13.450365784141505,1,Urban,1,14.74655844771256,3,237
17-04-2024,Snacks,477,19.84310972618894,1,Rural,2,1.7489160164233648,6,235
18-04-2024,Dairy,998,2.3807465605903095,0,Suburban,3,12.30860829939704,7,354
19-04-2024,Dairy,1015,2.4644822270777533,0,Suburban,4,4.564853911995481,1,347
20-04-2024,Personal Care,1681,7.467221760666823,0,Urban,5,2.4166050374311405,6,253
21-04-2024,Personal Care,626,17.46134377,0,Urban,6,6.877906775850606,7,499
22-04-2024,Beverages,1276,5.095067507035305,1,Rural,0,9.837370401990396,6,60
23-04-2024,Beverages,833,7.847178578676604,1,Rural,1,6.023801752840388,4,408
24-04-2024,Personal Care,305,2.3016027259126117,1,Urban,2,1.2911984200991349,1,403
25-04-2024,Personal Care,554,15.499950533918899,0,Suburban,3,9.192186525,9,195
26-04-2024,Household,1396,8.757820512429571,1,Suburban,4,13.584847503604783,4,134
27-04-2024,Dairy,1359,15.425725928156014,0,Suburban,5,6.056622806,7,149
28-04-2024,Beverages,1975,18.168549042589106,1,Urban,6,3.636825275646992,7,153
29-04-2024,Dairy,1863,5.422499794924486,1,Suburban,0,6.917371516025823,2,485
30-04-2024,Dairy,620,16.340524576459075,0,Rural,1,1.2012593102073226,1,95
01-05-2024,Personal Care,1801,2.1227839114868123,0,Rural,2,12.397069974963985,8,93
02-05-2024,Household,1116,18.07810038,1,Urban,3,12.481941758777708,8,327
03-05-2024,Snacks,1055,13.3646024,1,Rural,4,9.026006719729612,7,230
04-05-2024,Household,1954,17.61030775862868,0,Urban,5,5.619991889606648,8,236
05-05-2024,Household,825,1.003579591575056,1,Suburban,6,12.096858784463858,3,163
06-05-2024,Dairy,1113,4.212540336763858,1,Suburban,0,8.542961859431324,2,304
07-05-2024,Household,600,8.405428361,0,Suburban,1,12.476018473975236,7,430
08-05-2024,Beverages,216,8.210555164119654,1,Rural,2,9.656152492,8,429
09-05-2024,Dairy,485,5.307877275546702,0,Urban,3,11.87387936158556,1,79
10-05-2024,Beverages,1467,8.250626857476803,1,Suburban,4,9.179163401657519,9,313
11-05-2024,Snacks,683,3.4481255280048417,0,Urban,5,6.505045489,4,147
12-05-2024,Dairy,494,8.842461456054494,1,Suburban,6,14.390214968928994,4,362
13-05-2024,Snacks,1187,16.24473225402602,0,Rural,0,8.346150461,3,416
14-05-2024,Dairy,1840,10.102331198963673,1,Rural,1,9.273798018837807,6,378
15-05-2024,Personal Care,820,1.3420016899590848,0,Urban,2,3.697070771513864,1,164
16-05-2024,Household,171,9.00743679,1,Rural,3,9.571936446695508,6,325
17-05-2024,Personal Care,1912,1.516325305726039,1,Rural,4,8.788310917502686,2,330
18-05-2024,Snacks,373,19.358624803429166,1,Urban,5,3.1801567702318616,9,324
19-05-2024,Household,1443,3.421625229,1,Suburban,6,1.364012911620584,2,310
20-05-2024,Dairy,437,14.446078200281756,1,Rural,0,9.263210135864181,7,380
21-05-2024,Household,1489,19.48275013494963,1,Urban,1,11.573537905579649,1,256
22-05-2024,Beverages,1618,16.694741981664865,1,Rural,2,8.089319878,7,433
23-05-2024,Household,706,14.28699212739787,1,Rural,3,3.7882030671348628,5,377
24-05-2024,Beverages,265,16.94975728051457,1,Rural,4,10.164568662049007,8,260
25-05-2024,Household,1667,19.654175171951923,0,Rural,5,1.6615330358392326,4,264
26-05-2024,Beverages,110,12.805545447817062,0,Urban,6,6.906588719628342,7,460
27-05-2024,Snacks,1424,11.624511329757203,1,Urban,0,2.868817996777093,6,89
28-05-2024,Personal Care,828,12.936524098802346,0,Urban,1,3.174656240368309,5,75
29-05-2024,Dairy,900,11.120841848469544,1,Rural,2,3.433262262793953,4,76
30-05-2024,Household,201,13.066693012284658,1,Rural,3,6.1072523271376795,7,239
31-05-2024,Personal Care,1548,9.547001951478626,0,Rural,4,1.2416779814957657,5,132
01-06-2024,Dairy,1515,5.150420474782835,1,Urban,5,6.2680048934719235,5,433
02-06-2024,Dairy,878,3.284697303721837,1,Rural,6,7.919757983163162,1,483
03-06-2024,Beverages,313,2.2984777751129473,0,Suburban,0,7.507767132011716,2,219
04-06-2024,Snacks,1814,6.002999891310802,0,Rural,1,6.050369455844088,5,462
05-06-2024,Snacks,1211,1.8763477223789429,1,Suburban,2,12.667625817025911,3,216
06-06-2024,Personal Care,1676,11.776244818468326,0,Rural,3,2.6072370400973095,2,237
07-06-2024,Snacks,500,6.392740493446885,0,Urban,4,7.8326027848299224,4,218
08-06-2024,Household,687,16.666161353653614,1,Rural,5,1.3996005458700373,4,338
09-06-2024,Snacks,988,2.4105765867793423,0,Suburban,6,1.5317573437296912,4,278
10-06-2024,Personal Care,1169,5.300678392488233,0,Suburban,0,8.821054820317897,4,146
11-06-2024,Snacks,1795,14.874676794712773,1,Rural,1,8.707267160873403,3,416
12-06-2024,Household,1586,12.377357631286337,0,Suburban,2,13.231485936244626,7,65
13-06-2024,Beverages,691,2.2253341537341833,0,Suburban,3,8.589168297071062,9,328
14-06-2024,Personal Care,1433,17.66754968608181,1,Urban,4,14.416969795870328,5,184
15-06-2024,Beverages,1209,17.66797349369741,1,Rural,5,1.2060753017989816,4,75
16-06-2024,Beverages,191,7.277752073639703,1,Rural,6,1.9211114293207454,2,401
17-06-2024,Beverages,1783,7.467711023641729,0,Rural,0,1.1389549927705303,2,61
18-06-2024,Dairy,772,19.791538808653304,1,Suburban,1,3.1865143298363305,5,121
19-06-2024,Dairy,813,12.897347260269626,1,Rural,2,8.348416608654333,7,182
20-06-2024,Beverages,1035,11.095013890793123,0,Rural,3,9.860796630697706,9,155
21-06-2024,Personal Care,341,16.924891487486562,1,Urban,4,1.1609847902556976,7,269
22-06-2024,Household,1988,6.420516428789012,1,Urban,5,14.21657790276119,5,422
23-06-2024,Household,101,9.154469274530781,1,Urban,6,12.711397961430524,6,226
24-06-2024,Snacks,324,6.087756834278349,1,Suburban,0,4.800880991,3,331
25-06-2024,Personal Care,900,15.994056085185896,0,Rural,1,1.6192191882837854,5,182
26-06-2024,Dairy,1868,11.893637567069142,1,Urban,2,2.9633625616763304,8,71
27-06-2024,Beverages,688,13.51767633266134,1,Urban,3,2.3406939994471037,1,318
28-06-2024,Snacks,215,5.793837746948725,0,Urban,4,2.2876147998347296,1,461
29-06-2024,Household,1789,5.184280726168987,1,Rural,5,8.019144485653143,7,210
30-06-2024,Dairy,1017,10.279117950675836,0,Rural,6,4.064787916154304,5,156
01-07-2024,Dairy,1226,15.01374923276371,0,Rural,0,5.693025889672595,5,328
02-07-2024,Beverages,293,10.979555392883043,0,Suburban,1,14.847827334072676,1,402
03-07-2024,Household,1289,1.6202678733677036,1,Suburban,2,10.42255661,9,284
04-07-2024,Personal Care,970,17.502478620085487,0,Urban,3,14.26021967218152,1,67
05-07-2024,Dairy,189,2.2290509767874997,0,Rural,4,2.567070047980176,5,291
06-07-2024,Beverages,1809,19.160665190694292,0,Urban,5,6.041022385072255,9,166
07-07-2024,Personal Care,221,1.4776972072681818,1,Rural,6,8.543611147594136,4,335
08-07-2024,Household,242,14.194558666483466,1,Rural,0,1.6129918973867012,8,331
09-07-2024,Dairy,1093,2.5619342105238516,1,Rural,1,0.560717933,6,193
10-07-2024,Personal Care,205,18.302855009267653,1,Suburban,2,10.221297840055303,3,254
11-07-2024,Personal Care,986,9.824231488285314,1,Suburban,3,9.806382993620812,4,88
12-07-2024,Personal Care,527,3.6129517215232925,1,Rural,4,6.456437745,2,466
13-07-2024,Dairy,1428,7.4754982960070855,1,Urban,5,7.599839102464474,1,203
14-07-2024,Dairy,1995,4.131668831588479,0,Rural,6,6.523923508585299,8,225
15-07-2024,Snacks,416,4.24105632,0,Rural,0,0.8480731502508885,1,498
16-07-2024,Household,734,19.014058083257403,0,Urban,1,5.362888290153205,1,290
17-07-2024,Beverages,108,9.459676133410975,0,Rural,2,3.0676927032607026,4,471
18-07-2024,Personal Care,873,15.987243014201832,1,Urban,3,1.9271507419698468,6,435
19-07-2024,Snacks,1196,13.152505662375955,0,Suburban,4,14.372446291395573,9,418
20-07-2024,Beverages,1482,13.852100884429452,0,Suburban,5,9.190716013111402,1,183
21-07-2024,Snacks,322,3.502175330968732,0,Urban,6,11.065516121430738,7,95
22-07-2024,Dairy,1539,5.4495044894942275,0,Suburban,0,5.072774277358704,5,99
23-07-2024,Personal Care,652,15.948256367934302,1,Suburban,1,6.2006333776632205,8,215
24-07-2024,Beverages,1493,19.444557923020877,1,Urban,2,3.9353979115024904,7,155
25-07-2024,Beverages,815,5.990837209374383,1,Suburban,3,1.9060022289986587,4,265
26-07-2024,Beverages,1387,6.1598065302697576,0,Rural,4,3.095958742902965,4,195
27-07-2024,Beverages,1963,9.985045523407193,1,Rural,5,12.063953656799045,6,460
28-07-2024,Beverages,1813,19.69296594425332,0,Urban,6,10.32441417516475,6,474
29-07-2024,Snacks,1983,6.110219971,1,Suburban,0,8.430468701789415,9,121
30-07-2024,Personal Care,1441,8.732466283051014,1,Rural,1,7.388803156568137,5,379
31-07-2024,Dairy,1207,17.938120296846627,1,Rural,2,13.875297113013804,8,322
01-08-2024,Dairy,1441,1.0554996198058781,1,Suburban,3,1.5546567427906919,5,296
02-08-2024,Dairy,210,1.7555533347828214,1,Suburban,4,4.568711791949782,2,495
03-08-2024,Dairy,350,12.477361864353165,0,Rural,5,5.574098876775354,6,462
04-08-2024,Snacks,482,18.24022312954409,1,Rural,6,11.845174277085423,9,235
05-08-2024,Household,106,5.538276547636626,0,Urban,0,14.891461992348585,3,119
06-08-2024,Personal Care,558,9.923193719,0,Urban,1,3.9897224639787194,1,199
07-08-2024,Beverages,1207,9.558840731498547,0,Rural,2,13.177456344987668,1,295
08-08-2024,Household,307,9.986455575814693,0,Urban,3,12.544030026260973,3,311
09-08-2024,Dairy,999,12.827874218865158,0,Rural,4,3.757532265805616,5,75
10-08-2024,Household,1513,9.925131496822992,1,Rural,5,6.290322412888727,3,472
11-08-2024,Personal Care,1437,9.501894685126699,1,Urban,6,6.440256604741527,9,189
12-08-2024,Beverages,121,10.01147998819395,1,Urban,0,14.684199693635096,8,148
13-08-2024,Beverages,509,12.226481384149789,1,Suburban,1,3.122932569994026,3,447
14-08-2024,Personal Care,994,11.20314227867581,0,Suburban,2,12.08779058101934,9,327
15-08-2024,Personal Care,614,17.228583955359582,1,Suburban,3,5.345794355510094,6,100
16-08-2024,Dairy,1250,1.9404402163796657,1,Rural,4,11.097620013754325,7,200
17-08-2024,Beverages,908,16.833024357987238,0,Urban,5,6.590159562287111,4,481
18-08-2024,Household,1823,17.034567639622757,0,Rural,6,8.886216565,4,153
19-08-2024,Snacks,973,6.413252409088256,1,Urban,0,12.572870713228902,2,483
20-08-2024,Snacks,113,9.794187145301162,1,Rural,1,12.16040069226632,5,138
21-08-2024,Personal Care,1070,9.332231282211275,0,Suburban,2,13.063136161325652,8,190
22-08-2024,Dairy,1077,5.151686852728476,1,Suburban,3,1.3644512174975558,7,262
23-08-2024,Snacks,1113,8.539140094640013,1,Suburban,4,10.53473302,7,282
24-08-2024,Beverages,1135,1.8433676712462344,1,Rural,5,2.5298169624655618,6,443
25-08-2024,Personal Care,186,6.278619382852954,1,Urban,6,6.529369236,3,232
26-08-2024,Household,1647,16.516961333563643,0,Urban,0,8.454532018292984,5,300
27-08-2024,Personal Care,1008,6.406683733495053,0,Suburban,1,6.3397225288290455,1,58
28-08-2024,Household,1660,16.545926706216704,0,Suburban,2,8.034369299,7,128
29-08-2024,Personal Care,1424,11.100389827484186,1,Suburban,3,14.949631477579977,9,101
30-08-2024,Personal Care,1366,17.71739086986204,1,Suburban,4,2.4606510488363935,1,435
31-08-2024,Personal Care,221,11.920811531023888,1,Urban,5,10.29411265737817,2,458
01-09-2024,Household,1270,1.5636962382300565,1,Rural,6,6.2420140125914205,3,318
02-09-2024,Household,1690,13.832983943394694,1,Rural,0,2.4286420841562673,3,275
03-09-2024,Personal Care,849,1.8522177924478045,0,Rural,1,2.8016830689274883,8,100
04-09-2024,Snacks,1479,9.561343360679546,1,Rural,2,14.264460040561445,7,235
05-09-2024,Dairy,784,18.659107194989165,1,Suburban,3,13.25422170232055,6,83
06-09-2024,Dairy,1856,4.138874847419153,0,Suburban,4,13.652108426017817,4,340
07-09-2024,Dairy,1754,8.407574705889338,1,Suburban,5,14.877225249497105,9,279
08-09-2024,Household,408,14.86734586812109,0,Rural,6,3.520573155,1,180
09-09-2024,Household,794,17.762912565802104,0,Suburban,0,5.653870391778895,2,169
10-09-2024,Snacks,387,13.74791709010765,0,Suburban,1,10.203675933910567,4,492
11-09-2024,Dairy,406,5.905291829632215,0,Urban,2,7.5151368279793855,3,375
12-09-2024,Dairy,1935,13.817549205408108,0,Urban,3,6.566648233985836,1,296
13-09-2024,Personal Care,1717,6.6378251809777105,1,Suburban,4,5.688263115366099,5,481
14-09-2024,Household,1013,14.65015536655597,0,Urban,5,9.109819163180058,7,241
15-09-2024,Dairy,1846,19.12662942411577,0,Urban,6,8.846104715,2,452
16-09-2024,Snacks,761,14.706475571019478,1,Suburban,0,2.8411385939314813,5,372
17-09-2024,Snacks,648,17.394729555335836,1,Suburban,1,7.340227644017366,6,259
18-09-2024,Dairy,1475,1.039973020341785,0,Suburban,2,8.525340755042823,7,152
19-09-2024,Household,411,14.633870369900293,1,Suburban,3,8.769160611605162,1,378
20-09-2024,Snacks,972,16.762163580439754,1,Rural,4,3.5465542972291013,7,421
21-09-2024,Personal Care,1182,1.770616013348947,0,Rural,5,11.262935187658158,4,182
22-09-2024,Snacks,1766,17.560356818476382,0,Suburban,6,0.8653868749055097,8,372
23-09-2024,Beverages,1023,5.877190337890871,1,Urban,0,5.645061905375859,4,188
24-09-2024,Beverages,1837,13.64054993758305,0,Suburban,1,11.813083403766687,6,170
25-09-2024,Household,854,16.206742701444725,0,Suburban,2,8.676447355303335,9,143
26-09-2024,Dairy,134,13.590625748127755,1,Urban,3,4.2868552714074735,5,178
